Timestamp,User Count,Type,Name,Requests/s,Failures/s,50%,66%,75%,80%,90%,95%,98%,99%,99.9%,99.99%,100%,Total Request Count,Total Failure Count,Total Median Response Time,Total Average Response Time,Total Min Response Time,Total Max Response Time,Total Average Content Size
1780131561,0,,Aggregated,0.000000,0.000000,N/A,N/A,N/A,N/A,N/A,N/A,N/A,N/A,N/A,N/A,N/A,0,0,0,0.0,0,0,0
1780131562,25,,Aggregated,0.000000,0.000000,940,940,940,940,940,940,940,940,940,940,940,1,0,943.9332919428125,943.9332919428125,943.9332919428125,943.9332919428125,455.0
1780131563,50,,Aggregated,0.000000,0.000000,1700,1700,1700,1700,1700,1800,1800,1800,1800,1800,1800,16,0,1600,1364.4245233081165,790.7603329513222,1765.5325420200825,2273.0
1780131564,75,,Aggregated,0.000000,0.000000,1700,1700,1800,2000,2300,2500,2500,2500,2500,2500,2500,36,0,1700,1564.9676179390453,497.4492499604821,2492.945292033255,3089.1388888888887
1780131565,100,,Aggregated,7.000000,0.000000,1700,1700,1900,2200,2400,2500,3000,3400,3400,3400,3400,54,0,1700,1573.8746303077614,470.04066698718816,3417.512583080679,3271.0
1780131566,100,,Aggregated,11.666667,0.000000,1700,1900,2200,2300,2700,3400,4900,4900,4900,4900,4900,69,0,1700,1762.509881601453,240.92191690579057,4935.086999903433,3801.086956521739
1780131567,100,,Aggregated,11.750000,0.000000,1900,2200,2500,2600,4800,4900,4900,4900,5100,5100,5100,101,0,1900,2119.4474706783576,240.92191690579057,5098.762625013478,3473.70297029703
1780131568,100,,Aggregated,12.800000,0.000000,1900,2200,2600,2900,4200,4900,5100,5100,5100,5100,5100,136,0,1900,2085.2342909929575,240.92191690579057,5098.762625013478,3159.514705882353
1780131569,100,,Aggregated,16.000000,0.000000,2000,2500,3200,3600,4800,4900,5600,5600,5600,5600,5600,174,0,1900,2318.9192039908135,240.92191690579057,5642.943375045434,3279.706896551724
1780131570,100,,Aggregated,19.000000,0.000000,1900,2500,3100,3400,4800,4900,5600,5600,5600,5600,5600,200,0,1900,2304.806679546018,240.92191690579057,5642.943375045434,3087.4
1780131571,100,,Aggregated,20.625000,0.000000,2000,2300,2900,3200,4800,4900,5100,5600,5600,5600,5600,224,0,2000,2265.414977098512,240.92191690579057,5642.943375045434,2959.1875
1780131572,100,,Aggregated,22.111111,0.000000,2100,2300,2800,3100,4600,4900,5100,5600,5600,5600,5600,259,0,2100,2258.2708703229046,240.92191690579057,5642.943375045434,3066.4826254826253
1780131573,100,,Aggregated,22.200000,0.000000,2000,2300,2600,2900,4400,4900,5100,5600,5600,5600,5600,307,0,2000,2203.2516988359107,240.92191690579057,5642.943375045434,3182.9478827361563
1780131574,100,,Aggregated,24.700000,0.000000,2000,2300,2600,2900,4100,4900,5100,5600,5600,5600,5600,343,0,2000,2145.008566689205,240.92191690579057,5642.943375045434,3243.131195335277
1780131575,100,,Aggregated,28.800000,0.000000,1900,2200,2500,2800,3700,4900,5000,5600,5600,5600,5600,366,0,1900,2099.9035580640993,240.92191690579057,5642.943375045434,3303.3579234972676
1780131576,100,,Aggregated,30.300000,0.000000,2000,2200,2500,2700,3600,4800,5000,5600,5600,5600,5600,389,0,2000,2100.6587237544036,240.92191690579057,5642.943375045434,3308.3213367609255
1780131577,100,,Aggregated,30.800000,0.000000,2000,2200,2500,2700,3600,4800,5000,5100,5600,5600,5600,412,0,2000,2097.803461979408,240.92191690579057,5642.943375045434,3282.5631067961167
1780131578,100,,Aggregated,31.800000,0.000000,2000,2200,2400,2700,3400,4800,5000,5100,5600,5600,5600,449,0,2000,2086.6076945125506,240.92191690579057,5642.943375045434,3260.650334075724
1780131579,100,,Aggregated,31.000000,0.000000,2000,2200,2400,2700,3500,4700,4900,5100,5600,5600,5600,472,0,2000,2061.044453568776,237.53675003536046,5642.943375045434,3181.512711864407
1780131580,100,,Aggregated,31.500000,0.000000,2000,2200,2600,2900,3800,4600,4900,5100,5600,5600,5600,499,0,2000,2099.454580332369,237.53675003536046,5642.943375045434,3163.613226452906
1780131581,100,,Aggregated,30.200000,0.000000,2000,2300,2600,3100,3800,4600,4900,5100,5600,5600,5600,528,0,2000,2123.454921011051,237.53675003536046,5642.943375045434,3215.2083333333335
1780131582,100,,Aggregated,29.600000,0.000000,2000,2300,2700,3100,3700,4500,4900,5100,5600,5600,5600,567,0,2000,2111.7318674332314,237.53675003536046,5642.943375045434,3262.065255731922
1780131583,100,,Aggregated,29.900000,0.000000,2000,2300,2900,3100,3700,4400,4900,5100,5600,5600,5600,605,0,2000,2106.194738771243,237.53675003536046,5642.943375045434,3273.365289256198
1780131584,100,,Aggregated,31.200000,0.000000,2000,2300,2900,3100,3600,4300,4900,5100,5600,5600,5600,622,0,2000,2101.4014559884413,237.53675003536046,5642.943375045434,3270.003215434084
1780131585,100,,Aggregated,31.200000,0.000000,2000,2300,2900,3100,3600,4200,4900,5100,5600,5600,5600,643,0,2000,2083.3262393081236,237.53675003536046,5642.943375045434,3248.98600311042
1780131586,100,,Aggregated,28.200000,0.000000,2000,2300,2900,3100,3600,4200,4900,5100,5600,5600,5600,681,0,2000,2086.200440891406,237.53675003536046,5642.943375045434,3230.309838472834
1780131587,100,,Aggregated,28.800000,0.000000,2000,2500,3000,3200,3700,4200,4900,5000,5600,5600,5600,729,0,2000,2130.0242329132902,237.53675003536046,5642.943375045434,3269.1577503429357
1780131588,100,,Aggregated,29.000000,0.000000,2000,2500,3000,3200,3700,4200,4900,5000,5600,5600,5600,753,0,2000,2113.0312284766073,237.53675003536046,5642.943375045434,3321.1434262948205
1780131589,100,,Aggregated,30.300000,0.000000,2000,2400,2900,3200,3700,4200,4900,5000,5600,5600,5600,777,0,2000,2093.656900740214,234.43066701292992,5642.943375045434,3305.3655083655085
1780131590,100,,Aggregated,30.300000,0.000000,2000,2400,2900,3200,3700,4200,4900,5000,5600,5600,5600,792,0,2000,2086.4301100091047,232.35558392480016,5642.943375045434,3285.6085858585857
1780131591,100,,Aggregated,30.300000,0.000000,2000,2500,2900,3100,3600,4100,4900,5000,5600,5600,5600,846,0,2000,2105.877893179711,232.35558392480016,5642.943375045434,3268.1867612293145
1780131592,100,,Aggregated,29.700000,0.000000,2000,2500,2900,3100,3600,4100,4900,5000,5600,5600,5600,884,0,2000,2094.6461135027425,232.35558392480016,5642.943375045434,3231.5113122171947
1780131593,100,,Aggregated,29.900000,0.000000,2000,2400,2900,3100,3600,4100,4900,5000,5600,5600,5600,897,0,2000,2087.7347526981766,232.35558392480016,5642.943375045434,3235.0
1780131594,100,,Aggregated,29.900000,0.000000,2000,2400,2900,3000,3600,4100,4900,4900,5600,5600,5600,905,0,2000,2086.9645221497176,232.35558392480016,5642.943375045434,3241.849723756906
1780131595,100,,Aggregated,29.500000,0.000000,2100,2500,2900,3100,3500,4100,4900,4900,5600,5600,5600,930,0,2100,2104.5590227627526,232.35558392480016,5642.943375045434,3258.9440860215054
1780131596,100,,Aggregated,28.500000,0.000000,2100,2600,3000,3100,3500,4000,4800,4900,5600,5600,5600,1009,0,2100,2125.7248533639513,232.35558392480016,5642.943375045434,3368.4826560951437
1780131597,100,,Aggregated,27.600000,0.000000,2100,2600,3000,3100,3500,4000,4800,4900,5600,5600,5600,1022,0,2100,2119.845590103894,232.35558392480016,5642.943375045434,3349.022504892368
1780131598,100,,Aggregated,32.300000,0.000000,2100,2600,2900,3100,3500,4000,4800,4900,5600,5600,5600,1034,0,2100,2107.179153169171,232.35558392480016,5642.943375045434,3334.4719535783365
1780131599,100,,Aggregated,31.000000,0.000000,2100,2500,2900,3100,3500,4000,4800,4900,5600,5600,5600,1067,0,2100,2112.2076734640805,232.35558392480016,5642.943375045434,3352.916588566073
1780131600,100,,Aggregated,28.100000,0.000000,2100,2500,2900,3000,3400,3900,4800,4900,5600,5600,5600,1130,0,2100,2123.1424362857133,232.35558392480016,5642.943375045434,3398.2752212389382
1780131601,100,,Aggregated,27.700000,0.000000,2100,2500,2900,3000,3400,3900,4800,4900,5600,5600,5600,1146,0,2100,2107.6790879892565,232.35558392480016,5642.943375045434,3371.3586387434557
1780131602,100,,Aggregated,27.700000,0.000000,2100,2500,2900,3000,3400,3900,4700,4900,5600,5600,5600,1153,0,2100,2104.9397741775583,232.35558392480016,5642.943375045434,3369.3633998265395
1780131603,100,,Aggregated,31.800000,0.000000,2100,2500,2900,3000,3400,3900,4700,4900,5600,5600,5600,1173,0,2100,2103.566124181276,232.35558392480016,5642.943375045434,3377.624040920716
1780131604,100,,Aggregated,27.200000,0.000000,2100,2500,2900,3000,3400,3900,4700,4900,5600,5600,5600,1209,0,2100,2107.088500758725,232.35558392480016,5642.943375045434,3375.456575682382
1780131605,100,,Aggregated,27.400000,0.000000,2100,2500,2900,3100,3500,3800,4600,4900,5600,5600,5600,1251,0,2100,2132.6975379056175,232.35558392480016,5642.943375045434,3384.748201438849
1780131606,100,,Aggregated,29.800000,0.000000,2100,2500,2900,3100,3500,3900,4600,4900,5600,5600,5600,1274,0,2100,2132.724531823323,232.35558392480016,5642.943375045434,3376.89874411303
1780131607,100,,Aggregated,31.500000,0.000000,2100,2500,2900,3100,3500,3900,4600,4900,5600,5600,5600,1290,0,2100,2129.0964487401316,232.35558392480016,5642.943375045434,3361.494573643411
1780131608,100,,Aggregated,27.000000,0.000000,2200,2600,2900,3100,3500,3900,4600,4900,5600,5600,5600,1319,0,2200,2140.8703133985123,232.35558392480016,5642.943375045434,3385.4177407126613
1780131609,100,,Aggregated,26.800000,0.000000,2200,2600,2900,3000,3500,3800,4600,4900,5600,5600,5600,1382,0,2100,2137.272070701114,232.35558392480016,5642.943375045434,3371.371924746744
1780131610,100,,Aggregated,26.400000,0.000000,2100,2600,2900,3000,3500,3800,4600,4900,5600,6100,6100,1396,0,2100,2132.8929559448416,232.35558392480016,6139.349541976117,3355.8144699140403
1780131611,100,,Aggregated,32.300000,0.000000,2100,2600,2900,3000,3500,3800,4600,4900,5600,6100,6100,1409,0,2100,2128.46332954729,232.35558392480016,6139.349541976117,3349.4229950319377
1780131612,100,,Aggregated,28.900000,0.000000,2100,2600,2900,3000,3400,3800,4600,4900,5600,6100,6100,1421,0,2100,2131.400668484347,232.35558392480016,6139.349541976117,3366.1048557353975
1780131613,100,,Aggregated,26.300000,0.000000,2200,2600,2900,3000,3400,3800,4600,4900,6100,11000,11000,1505,0,2200,2154.718589674963,232.35558392480016,11078.013791004196,3359.0378737541528
1780131614,100,,Aggregated,26.600000,0.000000,2200,2600,2900,3000,3400,3800,4600,4900,6100,11000,11000,1523,0,2200,2143.7002862515465,232.35558392480016,11078.013791004196,3368.611293499672
1780131615,100,,Aggregated,31.200000,0.000000,2200,2600,2900,3000,3400,3800,4600,4900,6100,11000,11000,1527,0,2200,2140.079579487996,232.35558392480016,11078.013791004196,3360.449901768173
1780131616,100,,Aggregated,31.600000,0.000000,2100,2600,2900,3000,3400,3800,4600,4900,6100,11000,11000,1540,0,2100,2133.4966452928356,232.35558392480016,11078.013791004196,3354.9396103896106
1780131617,100,,Aggregated,29.000000,0.000000,2200,2600,2900,3000,3400,3800,4600,4900,6100,11000,11000,1589,0,2200,2137.142719872955,232.35558392480016,11078.013791004196,3366.1541850220265
1780131618,100,,Aggregated,27.400000,0.000000,2200,2600,2900,3000,3400,3800,4600,4900,6100,11000,11000,1646,0,2200,2138.1272479766876,232.35558392480016,11078.013791004196,3392.5601458080196
1780131619,100,,Aggregated,29.400000,0.000000,2200,2600,2900,3000,3500,3900,4600,4900,6100,11000,11000,1667,0,2200,2134.218078762674,223.79241604357958,11078.013791004196,3383.865026994601
1780131620,100,,Aggregated,33.400000,0.000000,2100,2600,2900,3000,3500,3900,4600,4900,6100,11000,11000,1676,0,2100,2130.785354915498,223.79241604357958,11078.013791004196,3384.8741050119334
1780131621,100,,Aggregated,29.300000,0.000000,2200,2600,2900,3000,3500,3800,4600,4900,6100,11000,11000,1688,0,2200,2131.86385367624,223.79241604357958,11078.013791004196,3373.7731042654027
1780131622,100,,Aggregated,28.500000,0.000000,2200,2600,2900,3000,3400,3800,4600,4900,6100,11000,11000,1743,0,2200,2137.9781804620984,223.79241604357958,11078.013791004196,3349.6660929432014
1780131623,100,,Aggregated,28.000000,0.000000,2200,2600,2900,3100,3500,3900,4500,4900,6100,11000,11000,1766,0,2200,2152.6499159137998,223.79241604357958,11078.013791004196,3355.67100792752
1780131624,100,,Aggregated,30.400000,0.000000,2200,2600,2900,3100,3500,4000,4500,4900,6100,11000,11000,1788,0,2200,2156.8717452017327,223.79241604357958,11078.013791004196,3374.067673378076
1780131625,100,,Aggregated,26.800000,0.000000,2200,2600,2900,3100,3500,4000,4500,4900,6100,11000,11000,1806,0,2200,2159.828062087905,223.79241604357958,11078.013791004196,3365.509966777409
1780131626,100,,Aggregated,26.200000,0.000000,2200,2600,2900,3100,3500,4000,4500,4900,6100,11000,11000,1856,0,2200,2157.326419051844,223.79241604357958,11078.013791004196,3352.0775862068967
1780131627,100,,Aggregated,27.100000,0.000000,2200,2600,2900,3100,3500,4000,4500,4900,6100,11000,11000,1908,0,2200,2151.258364151951,223.79241604357958,11078.013791004196,3345.302935010482
1780131628,100,,Aggregated,30.000000,0.000000,2100,2600,2900,3100,3500,3900,4500,4900,6100,11000,11000,1930,0,2100,2137.8356919736707,223.79241604357958,11078.013791004196,3325.7518134715024
1780131629,100,,Aggregated,31.100000,0.000000,2100,2600,2900,3100,3500,3900,4500,4900,6100,11000,11000,1947,0,2100,2133.52120992188,223.79241604357958,11078.013791004196,3335.7041602465333
1780131630,100,,Aggregated,29.300000,0.000000,2100,2600,2900,3100,3500,3900,4400,4900,6100,11000,11000,1972,0,2100,2132.1937565979383,223.79241604357958,11078.013791004196,3327.0542596348882
1780131631,100,,Aggregated,27.500000,0.000000,2100,2600,2900,3100,3500,3900,4400,4900,5600,11000,11000,2014,0,2100,2133.418853199197,223.79241604357958,11078.013791004196,3344.611717974181
1780131632,100,,Aggregated,28.500000,0.000000,2100,2600,2900,3100,3500,3900,4400,4900,5600,11000,11000,2048,1,2100,2137.282977258735,223.79241604357958,11078.013791004196,3346.73779296875
1780131633,100,,Aggregated,31.400000,0.000000,2100,2600,2900,3100,3500,3900,4400,4900,5600,11000,11000,2067,1,2100,2135.3643159616904,223.79241604357958,11078.013791004196,3343.128688921142
1780131634,100,,Aggregated,31.200000,0.100000,2100,2600,2900,3100,3500,3900,4400,4900,5600,11000,11000,2088,1,2100,2135.255549912688,223.79241604357958,11078.013791004196,3342.2250957854408
1780131635,100,,Aggregated,31.500000,0.100000,2100,2600,2900,3100,3500,3900,4400,4900,5600,11000,11000,2144,1,2100,2137.9558583493467,223.79241604357958,11078.013791004196,3344.8171641791046
1780131636,100,,Aggregated,30.300000,0.100000,2100,2600,2900,3100,3400,3900,4400,4900,5600,11000,11000,2175,1,2100,2130.8708721325443,223.79241604357958,11078.013791004196,3343.1609195402298
1780131637,100,,Aggregated,30.300000,0.100000,2100,2600,2900,3100,3400,3900,4400,4900,5600,11000,11000,2177,1,2100,2129.627021997384,223.79241604357958,11078.013791004196,3340.3220027560865
1780131638,100,,Aggregated,32.300000,0.100000,2100,2600,2900,3100,3400,3900,4400,4900,5600,11000,11000,2196,2,2100,2128.508273191877,223.79241604357958,11078.013791004196,3331.660746812386
1780131639,100,,Aggregated,28.500000,0.100000,2100,2600,2900,3100,3400,3800,4400,4900,5600,11000,11000,2222,2,2100,2135.35197063967,223.79241604357958,11078.013791004196,3318.1084608460847
1780131640,100,,Aggregated,27.300000,0.200000,2100,2600,2900,3100,3500,3900,4400,4900,5600,11000,11000,2246,2,2100,2141.8975431002773,223.79241604357958,11078.013791004196,3312.073909171861
1780131641,100,,Aggregated,26.700000,0.200000,2200,2700,2900,3100,3500,4000,4500,4900,5600,11000,11000,2309,2,2200,2152.1524050330577,223.79241604357958,11078.013791004196,3307.3079255088783
1780131642,100,,Aggregated,27.500000,0.200000,2100,2700,2900,3100,3500,4000,4600,4900,6100,11000,11000,2350,2,2100,2144.012978693837,223.79241604357958,11078.013791004196,3318.88
1780131643,100,,Aggregated,28.200000,0.200000,2100,2600,2900,3100,3500,4000,4600,4900,6100,11000,11000,2376,2,2100,2132.1532981431424,223.79241604357958,11078.013791004196,3311.9861111111113
1780131644,100,,Aggregated,30.600000,0.100000,2100,2600,2900,3100,3500,4000,4600,4900,6200,11000,11000,2388,3,2100,2133.046826027713,223.79241604357958,11078.013791004196,3317.5163316582916
1780131645,100,,Aggregated,30.800000,0.100000,2100,2600,2900,3100,3500,4000,4600,4900,6200,11000,11000,2419,3,2100,2135.671708097107,223.79241604357958,11078.013791004196,3323.3513848697808
1780131646,100,,Aggregated,29.600000,0.200000,2100,2600,2900,3100,3500,4000,4600,4900,6200,11000,11000,2474,3,2100,2134.2008244457525,223.79241604357958,11078.013791004196,3342.0238480194016
1780131647,100,,Aggregated,28.800000,0.200000,2100,2600,2900,3100,3500,4000,4600,4900,6200,11000,11000,2499,3,2100,2128.542111599723,223.79241604357958,11078.013791004196,3326.6378551420567
1780131648,100,,Aggregated,28.600000,0.200000,2100,2600,2900,3100,3500,4000,4600,4900,6200,11000,11000,2510,3,2100,2127.369926449197,223.79241604357958,11078.013791004196,3333.219920318725
1780131649,100,,Aggregated,31.500000,0.200000,2100,2600,2900,3100,3500,3900,4600,4900,6200,11000,11000,2538,3,2100,2132.187440016687,223.79241604357958,11078.013791004196,3326.775413711584
1780131650,100,,Aggregated,30.900000,0.100000,2200,2600,2900,3100,3500,3900,4500,4900,6200,11000,11000,2597,3,2200,2141.2660694898696,223.79241604357958,11078.013791004196,3330.308432807085
1780131651,100,,Aggregated,30.800000,0.100000,2200,2600,2900,3100,3500,3900,4500,4900,6200,11000,11000,2618,3,2200,2135.671127660172,223.79241604357958,11078.013791004196,3328.2268907563025
1780131652,100,,Aggregated,33.400000,0.100000,2100,2600,2900,3000,3500,3900,4500,4900,6200,11000,11000,2635,3,2100,2131.6224102016567,223.79241604357958,11078.013791004196,3323.3726755218217
1780131653,100,,Aggregated,33.500000,0.100000,2200,2600,2900,3000,3500,3900,4500,4900,6200,11000,11000,2652,3,2100,2133.1720381331993,223.79241604357958,11078.013791004196,3322.2417043740575
1780131654,100,,Aggregated,28.600000,0.100000,2200,2600,2900,3000,3500,3900,4500,4900,6200,11000,11000,2688,3,2200,2138.035453839707,223.79241604357958,11078.013791004196,3329.0386904761904
1780131655,100,,Aggregated,27.100000,0.100000,2200,2600,2900,3100,3500,3900,4500,4900,6200,11000,11000,2721,3,2200,2146.191541972099,223.79241604357958,11078.013791004196,3318.1323042998897
1780131656,100,,Aggregated,29.100000,0.000000,2200,2600,2900,3100,3500,3900,4500,4900,6200,11000,11000,2750,3,2200,2148.2309720592825,223.79241604357958,11078.013791004196,3333.2625454545455
1780131657,100,,Aggregated,29.700000,0.000000,2200,2600,2900,3100,3500,3900,4500,4900,6200,11000,11000,2781,3,2200,2144.4674815841677,223.79241604357958,11078.013791004196,3323.848256023013
1780131658,100,,Aggregated,28.400000,0.000000,2200,2600,2900,3000,3500,3900,4400,4900,6200,11000,11000,2816,3,2200,2142.0364904392954,223.79241604357958,11078.013791004196,3328.611150568182
1780131659,100,,Aggregated,26.900000,0.000000,2200,2600,2900,3000,3500,3900,4400,4900,6200,11000,11000,2865,3,2200,2134.306594880743,223.79241604357958,11078.013791004196,3325.1148342059337
1780131660,100,,Aggregated,26.900000,0.000000,2200,2600,2900,3000,3500,3900,4400,4900,6200,11000,11000,2871,3,2200,2131.878623679319,223.79241604357958,11078.013791004196,3325.67258794845
1780131661,100,,Aggregated,33.200000,0.000000,2100,2600,2900,3000,3400,3800,4400,4900,6200,11000,11000,2904,3,2100,2129.8158562329027,223.79241604357958,11078.013791004196,3311.628443526171
1780131662,100,,Aggregated,30.600000,0.000000,2100,2600,2900,3000,3400,3800,4400,4900,6200,11000,11000,2921,3,2100,2129.5841469818256,223.79241604357958,11078.013791004196,3307.0742896268403
1780131663,100,,Aggregated,27.300000,0.000000,2200,2600,2900,3000,3500,3900,4400,4900,6200,11000,11000,2970,3,2200,2137.2359986824645,223.79241604357958,11078.013791004196,3321.805387205387
1780131664,100,,Aggregated,27.700000,0.000000,2200,2600,2900,3000,3500,3900,4400,4900,6100,11000,11000,3008,3,2200,2139.0532399862113,223.79241604357958,11078.013791004196,3319.5595079787236
1780131665,100,,Aggregated,31.100000,0.000000,2200,2600,2900,3000,3500,3800,4400,4900,6100,11000,11000,3026,3,2200,2134.974887352786,223.79241604357958,11078.013791004196,3308.0274289491076
1780131666,100,,Aggregated,31.300000,0.000000,2100,2600,2900,3000,3500,3800,4400,4900,6100,11000,11000,3044,3,2100,2133.081395889228,223.79241604357958,11078.013791004196,3303.251314060447
1780131667,100,,Aggregated,30.600000,0.000000,2200,2600,2900,3000,3500,3800,4400,4900,6100,11000,11000,3077,3,2200,2137.9232996970904,223.79241604357958,11078.013791004196,3306.677933051674
1780131668,100,,Aggregated,29.400000,0.000000,2200,2600,2900,3000,3500,3800,4400,4900,6100,11000,11000,3132,3,2200,2135.547575098968,223.79241604357958,11078.013791004196,3301.364942528736
1780131669,100,,Aggregated,29.600000,0.000000,2200,2600,2900,3000,3500,3800,4400,4900,6100,11000,11000,3157,3,2200,2133.511081737067,223.60737493727356,11078.013791004196,3283.704783021856
1780131670,100,,Aggregated,30.900000,0.000000,2200,2600,2900,3000,3400,3800,4400,4900,6100,11000,11000,3175,3,2200,2130.2798486484844,223.60737493727356,11078.013791004196,3276.260157480315
1780131671,100,,Aggregated,30.000000,0.000000,2200,2600,2900,3000,3400,3800,4400,4900,6100,11000,11000,3194,3,2200,2132.4893669379817,223.60737493727356,11078.013791004196,3273.756418284283
1780131672,100,,Aggregated,29.400000,0.000000,2200,2600,2900,3000,3400,3800,4400,4900,6100,11000,11000,3268,3,2200,2130.9087978754474,223.60737493727356,11078.013791004196,3278.6168910648717
1780131673,100,,Aggregated,29.200000,0.000000,2200,2600,2900,3000,3400,3800,4400,4900,6100,11000,11000,3289,3,2200,2120.5205511043087,223.60737493727356,11078.013791004196,3275.298266950441
1780131674,100,,Aggregated,32.100000,0.000000,2200,2600,2900,3000,3400,3800,4400,4900,6100,11000,11000,3299,3,2200,2117.472450489844,223.60737493727356,11078.013791004196,3275.4977265838133
1780131675,100,,Aggregated,33.500000,0.000000,2200,2600,2900,3000,3400,3800,4300,4800,6100,11000,11000,3313,4,2200,2117.8258263402404,223.60737493727356,11078.013791004196,3284.402052520374
1780131676,100,,Aggregated,30.600000,0.000000,2200,2600,2900,3000,3400,3800,4300,4800,6100,11000,11000,3373,4,2200,2119.767902670094,223.60737493727356,11078.013791004196,3274.513193003261
1780131677,100,,Aggregated,29.300000,0.000000,2200,2600,2900,3000,3400,3800,4300,4800,6100,11000,11000,3408,4,2200,2123.823044758323,223.60737493727356,11078.013791004196,3278.8365610328638
1780131678,100,,Aggregated,30.300000,0.100000,2200,2600,2900,3000,3400,3800,4300,4800,6100,11000,11000,3423,4,2200,2120.6977550613606,223.60737493727356,11078.013791004196,3268.2088810984515
1780131679,100,,Aggregated,33.500000,0.100000,2200,2600,2900,3000,3400,3800,4300,4800,6100,11000,11000,3457,4,2200,2120.488251298992,223.60737493727356,11078.013791004196,3258.8206537460223
1780131680,100,,Aggregated,31.100000,0.100000,2200,2600,2800,3000,3400,3800,4300,4800,6100,11000,11000,3497,4,2200,2121.7215711186386,223.60737493727356,11078.013791004196,3253.479267943952
1780131681,100,,Aggregated,29.100000,0.100000,2200,2600,2800,3000,3400,3800,4300,4800,6100,11000,11000,3527,4,2200,2118.928196126082,223.60737493727356,11078.013791004196,3253.9815707400057
1780131682,125,,Aggregated,29.100000,0.100000,2200,2600,2800,3000,3400,3800,4300,4800,6100,11000,11000,3538,4,2200,2117.893078253775,223.60737493727356,11078.013791004196,3252.9855850763142
1780131683,150,,Aggregated,33.200000,0.100000,2200,2600,2800,3000,3400,3800,4300,4800,6100,11000,11000,3570,4,2200,2118.6860960974104,223.60737493727356,11078.013791004196,3236.913725490196
1780131684,175,,Aggregated,31.300000,0.100000,2200,2600,2800,3000,3400,3800,4300,4800,6100,11000,11000,3596,4,2200,2121.3366731045508,223.60737493727356,11078.013791004196,3225.9593993325916
1780131685,200,,Aggregated,26.400000,0.100000,2200,2600,2900,3000,3400,3800,4300,4800,6100,11000,11000,3638,4,2200,2129.5203369584037,223.60737493727356,11078.013791004196,3238.8922484881805
1780131686,225,,Aggregated,28.200000,0.100000,2200,2600,2900,3000,3400,3800,4300,4800,6100,11000,11000,3659,4,2200,2130.840289690788,223.60737493727356,11078.013791004196,3238.351188849412
1780131687,250,,Aggregated,31.000000,0.100000,2200,2600,2900,3000,3400,3800,4400,4900,6100,11000,11000,3682,4,2200,2138.276698663077,223.60737493727356,11078.013791004196,3224.6746333514393
1780131688,250,,Aggregated,31.400000,0.000000,2200,2600,2900,3000,3400,3800,4400,4900,6500,11000,11000,3708,4,2200,2149.0918486198248,223.60737493727356,11078.013791004196,3231.3616504854367
1780131689,250,,Aggregated,27.400000,0.000000,2200,2600,2900,3000,3400,3800,4500,4900,7000,11000,11000,3738,4,2200,2163.6674245181316,223.60737493727356,11078.013791004196,3226.0850722311397
1780131690,250,,Aggregated,27.300000,0.000000,2200,2600,2900,3000,3500,3900,4600,4900,7100,11000,11000,3763,4,2200,2174.2756020066686,223.60737493727356,11078.013791004196,3226.0085038533084
1780131691,250,,Aggregated,27.600000,0.000000,2200,2600,2900,3100,3500,4000,4700,5100,8600,11000,11000,3787,4,2200,2193.7194725530894,223.60737493727356,11078.013791004196,3231.5814628993926
1780131692,250,,Aggregated,27.600000,0.000000,2200,2600,2900,3100,3500,4100,4900,5400,8600,11000,11000,3812,4,2200,2213.8449850732886,223.60737493727356,11078.013791004196,3227.900577124869
1780131693,250,,Aggregated,26.000000,0.000000,2200,2700,2900,3100,3600,4200,4900,5600,8800,12000,12000,3835,4,2200,2236.255886477164,223.60737493727356,11830.794041976333,3222.8542372881357
1780131694,250,,Aggregated,25.700000,0.000000,2200,2700,3000,3100,3600,4300,5300,6900,12000,13000,13000,3869,4,2200,2279.4590685078797,223.60737493727356,12769.849250093102,3223.37503230809
1780131695,250,,Aggregated,27.200000,0.000000,2200,2700,3000,3200,3700,4500,5800,7800,12000,13000,13000,3900,4,2200,2317.952254042596,223.60737493727356,12769.849250093102,3217.502564102564
1780131696,250,,Aggregated,27.700000,0.000000,2200,2700,3000,3200,3700,4600,6000,7800,12000,13000,13000,3918,4,2200,2337.827918137853,223.60737493727356,12769.849250093102,3219.326442062277
1780131697,250,,Aggregated,27.100000,0.000000,2300,2700,3000,3200,3800,4800,6500,8600,12000,14000,14000,3938,4,2300,2362.588635710518,223.60737493727356,14222.854665946215,3227.5236160487557
1780131698,250,,Aggregated,25.700000,0.000000,2300,2700,3000,3200,3800,4900,7200,9700,14000,15000,15000,3967,4,2300,2407.739152341557,223.60737493727356,15315.979874925688,3228.757247290144
1780131699,250,,Aggregated,26.400000,0.000000,2300,2700,3000,3200,3900,5100,7600,10000,15000,16000,16000,3994,4,2300,2443.2284574799246,223.60737493727356,15826.013167039491,3231.7879318978466
1780131700,250,,Aggregated,26.200000,0.000000,2300,2700,3000,3200,3900,5300,7800,11000,15000,16000,16000,4010,4,2300,2472.1065828884703,223.60737493727356,16016.739874961786,3243.305735660848
1780131701,250,,Aggregated,25.800000,0.000000,2300,2800,3100,3300,4100,5700,8500,11000,15000,19000,19000,4043,4,2300,2524.0831712552294,223.60737493727356,18741.717917029746,3246.470442740539
1780131702,250,,Aggregated,24.600000,0.000000,2300,2800,3100,3300,4200,6400,9100,12000,21000,21000,21000,4089,4,2300,2598.405267121577,223.60737493727356,20943.202790920623,3247.325752017608
1780131703,250,,Aggregated,24.900000,0.000000,2300,2800,3100,3300,4400,6500,9800,12000,21000,21000,21000,4122,4,2300,2655.3130837799913,223.60737493727356,21263.824666966684,3245.1261523532266
1780131704,250,,Aggregated,25.700000,0.000000,2300,2800,3100,3300,4500,6600,10000,12000,21000,21000,21000,4139,6,2300,2677.5086647053463,223.60737493727356,21263.824666966684,3240.227349601353
1780131705,250,,Aggregated,28.500000,0.000000,2300,2800,3100,3400,4700,6600,11000,13000,21000,21000,21000,4164,7,2300,2707.2197785298763,223.60737493727356,21296.77191702649,3232.0297790585973
1780131706,250,,Aggregated,27.300000,0.000000,2300,2800,3200,3400,4900,6800,11000,13000,21000,21000,21000,4194,7,2300,2743.8006966709972,223.60737493727356,21296.77191702649,3241.939198855508
1780131707,250,,Aggregated,27.300000,0.300000,2300,2800,3200,3400,5100,6900,11000,13000,21000,26000,26000,4226,8,2300,2788.2330826438656,223.60737493727356,25930.814291001298,3257.819451017511
1780131708,250,,Aggregated,25.700000,0.300000,2300,2900,3200,3400,5300,6900,12000,13000,21000,27000,27000,4247,8,2300,2815.491113522181,223.60737493727356,26531.376375001855,3262.0600423828587
1780131709,250,,Aggregated,26.800000,0.400000,2400,2900,3200,3500,5800,7000,12000,14000,25000,27000,27000,4294,8,2400,2878.1168518284953,223.60737493727356,27129.743375000544,3266.3945039590126
1780131710,250,,Aggregated,27.700000,0.400000,2400,2900,3200,3500,6100,7200,12000,14000,26000,28000,28000,4325,8,2400,2914.314126648929,223.60737493727356,27738.381708040833,3270.34450867052
1780131711,250,,Aggregated,29.300000,0.400000,2400,2900,3300,3600,6200,7400,12000,14000,26000,28000,28000,4369,8,2400,2954.2594149512156,223.60737493727356,27738.381708040833,3274.296635385672
1780131712,250,,Aggregated,30.500000,0.400000,2400,2900,3300,3600,6300,7500,12000,14000,26000,28000,28000,4393,8,2400,2978.7258633826623,223.60737493727356,27738.381708040833,3271.145231049397
1780131713,250,,Aggregated,32.300000,0.400000,2400,2900,3300,3700,6400,7500,12000,14000,26000,28000,28000,4420,8,2400,3007.446863227814,223.60737493727356,27738.381708040833,3261.2196832579184
1780131714,250,,Aggregated,32.400000,0.400000,2400,2900,3300,3700,6400,7500,12000,14000,26000,28000,28000,4442,8,2400,3027.453486766992,223.60737493727356,27738.381708040833,3264.529716343989
1780131715,250,,Aggregated,29.500000,0.400000,2400,2900,3300,3700,6500,7600,12000,14000,26000,28000,28000,4462,8,2400,3045.701580348026,223.60737493727356,27738.381708040833,3266.9016136261766
1780131716,250,,Aggregated,30.500000,0.400000,2400,3000,3400,3800,6600,7600,12000,14000,26000,28000,28000,4489,8,2400,3072.621972008434,223.60737493727356,27738.381708040833,3266.3809311650703
1780131717,250,,Aggregated,28.700000,0.100000,2400,3000,3400,3800,6700,7700,12000,14000,26000,28000,28000,4526,8,2400,3108.059873272116,223.60737493727356,27738.381708040833,3266.9580203269998
1780131718,250,,Aggregated,30.500000,0.100000,2400,3000,3400,3900,6800,7800,12000,14000,26000,28000,28000,4557,8,2400,3131.980480581568,223.60737493727356,27738.381708040833,3264.0061443932414
1780131719,250,,Aggregated,29.900000,0.000000,2400,3000,3500,4100,6900,7800,12000,14000,26000,28000,28000,4598,8,2400,3166.0127609577944,223.60737493727356,27738.381708040833,3278.7916485428445
1780131720,250,,Aggregated,30.300000,0.000000,2500,3000,3500,4200,7100,7800,12000,14000,26000,28000,28000,4645,8,2500,3207.121229559719,223.60737493727356,27738.381708040833,3262.715392895587
1780131721,250,,Aggregated,29.600000,0.000000,2500,3100,3600,4300,7100,7900,12000,14000,26000,28000,28000,4676,8,2500,3223.3492518114936,223.60737493727356,27738.381708040833,3255.9082549187337
1780131722,250,,Aggregated,29.800000,0.000000,2500,3100,3600,4400,7100,7900,12000,14000,26000,28000,28000,4693,8,2500,3235.2520392279093,223.60737493727356,27738.381708040833,3253.366290219476
1780131723,250,,Aggregated,31.800000,0.000000,2500,3100,3600,4500,7100,8000,12000,14000,26000,28000,28000,4715,8,2500,3253.0080749852496,223.60737493727356,27738.381708040833,3262.980063626723
1780131724,250,,Aggregated,30.500000,0.000000,2500,3100,3600,4600,7200,8000,12000,14000,26000,28000,28000,4727,8,2500,3262.895331546762,223.60737493727356,27738.381708040833,3263.7598899936534
1780131725,250,,Aggregated,30.300000,0.000000,2500,3100,3700,4700,7300,8100,12000,14000,26000,28000,28000,4749,9,2500,3279.593256293349,223.60737493727356,27738.381708040833,3255.7555274794695
1780131726,250,,Aggregated,29.400000,0.000000,2500,3100,3700,4900,7300,8100,12000,14000,26000,28000,28000,4790,9,2500,3320.7759020114577,223.60737493727356,27738.381708040833,3259.504592901879
1780131727,250,,Aggregated,28.400000,0.000000,2500,3200,3800,5300,7400,8200,12000,14000,26000,28000,28000,4832,10,2500,3355.8732500539572,223.60737493727356,27738.381708040833,3258.784975165563
1780131728,250,,Aggregated,28.200000,0.100000,2500,3200,3900,5700,7400,8200,12000,14000,26000,28000,28000,4884,10,2500,3396.852395442552,223.60737493727356,27738.381708040833,3265.876330876331
1780131729,250,,Aggregated,29.700000,0.100000,2500,3200,4100,6000,7500,8200,12000,14000,26000,28000,28000,4950,10,2500,3439.0805921144965,223.60737493727356,27738.381708040833,3268.3082828282827
1780131730,250,,Aggregated,31.900000,0.200000,2600,3200,4200,6000,7500,8200,12000,14000,26000,28000,28000,4985,11,2600,3451.3518710900903,223.60737493727356,27738.381708040833,3263.830892678034
1780131731,250,,Aggregated,32.500000,0.200000,2600,3200,4200,6100,7500,8200,12000,14000,25000,28000,28000,5004,12,2600,3457.3907733495494,223.60737493727356,27738.381708040833,3264.388689048761
1780131732,250,,Aggregated,35.700000,0.300000,2600,3200,4200,6100,7500,8200,12000,14000,25000,28000,28000,5013,14,2600,3456.9474776680795,223.60737493727356,27738.381708040833,3265.169958108917
1780131733,250,,Aggregated,32.600000,0.300000,2600,3300,4200,6100,7500,8200,12000,14000,25000,28000,28000,5033,14,2600,3466.883912827143,223.60737493727356,27738.381708040833,3265.009537055434
1780131734,250,,Aggregated,32.300000,0.400000,2600,3300,4300,6100,7500,8200,12000,14000,25000,28000,28000,5045,14,2600,3472.4650233825905,223.60737493727356,27738.381708040833,3267.89692765114
1780131735,250,,Aggregated,31.400000,0.600000,2600,3300,4500,6300,7500,8200,12000,14000,25000,28000,28000,5079,14,2600,3496.5853679388024,223.60737493727356,27738.381708040833,3277.312266194133
1780131736,250,,Aggregated,31.200000,0.600000,2600,3300,4900,6400,7500,8200,12000,14000,25000,28000,28000,5156,14,2600,3548.756450229328,223.60737493727356,27738.381708040833,3284.102986811482
1780131737,250,,Aggregated,31.800000,0.600000,2600,3400,5300,6400,7500,8100,12000,14000,25000,28000,28000,5224,14,2600,3580.713399910613,223.60737493727356,27738.381708040833,3303.543453292496
1780131738,250,,Aggregated,32.800000,0.500000,2600,3400,5300,6400,7500,8100,12000,14000,25000,28000,28000,5243,14,2600,3588.772844683369,223.60737493727356,27738.381708040833,3300.1838641998856
1780131739,250,,Aggregated,36.500000,0.500000,2600,3400,5400,6500,7500,8100,12000,14000,25000,28000,28000,5262,14,2600,3596.55144121492,223.60737493727356,27738.381708040833,3298.5993918662107
1780131740,250,,Aggregated,37.700000,0.400000,2600,3400,5400,6500,7500,8200,12000,14000,25000,28000,28000,5274,14,2600,3601.463117029564,223.60737493727356,27738.381708040833,3295.6160409556314
1780131741,250,,Aggregated,36.000000,0.400000,2600,3400,5500,6500,7500,8200,12000,14000,25000,28000,28000,5282,14,2600,3606.175604948247,223.60737493727356,27738.381708040833,3296.701628171147
1780131742,250,,Aggregated,30.700000,0.300000,2600,3400,5500,6500,7500,8200,12000,14000,25000,28000,28000,5287,14,2600,3611.129497494356,223.60737493727356,27738.381708040833,3299.5683752600717
1780131743,250,,Aggregated,28.900000,0.300000,2600,3400,5600,6500,7500,8200,12000,14000,25000,28000,28000,5299,15,2600,3621.2783560658277,223.60737493727356,27738.381708040833,3296.177580675599
1780131744,250,,Aggregated,27.900000,0.200000,2700,3500,5600,6500,7600,8300,12000,14000,25000,28000,28000,5321,15,2700,3642.1420723861,223.60737493727356,27738.381708040833,3300.9035895508364
1780131745,250,,Aggregated,26.900000,0.000000,2700,3500,5900,6600,7700,8400,12000,14000,25000,28000,28000,5378,15,2700,3692.496200778851,223.60737493727356,27738.381708040833,3300.2742655262177
1780131746,250,,Aggregated,26.600000,0.100000,2700,3700,6200,6800,7800,8400,12000,13000,25000,28000,28000,5477,15,2700,3767.654380323246,223.60737493727356,27738.381708040833,3307.763739273325
1780131747,250,,Aggregated,27.600000,0.100000,2700,3700,6300,6800,7800,8400,12000,13000,25000,28000,28000,5541,15,2700,3792.8279935680134,223.60737493727356,27738.381708040833,3308.7919148168203
1780131748,250,,Aggregated,30.000000,0.100000,2700,3700,6300,6800,7800,8400,12000,13000,25000,28000,28000,5548,15,2700,3792.6211772906104,223.60737493727356,27738.381708040833,3308.5910237923576
1780131749,250,,Aggregated,31.900000,0.100000,2700,3800,6300,6800,7800,8400,12000,13000,25000,28000,28000,5557,15,2700,3793.9914515971313,223.60737493727356,27738.381708040833,3311.0221342450964
1780131750,250,,Aggregated,31.600000,0.100000,2700,3800,6300,6800,7800,8400,12000,13000,25000,28000,28000,5571,16,2700,3793.5147067674234,223.60737493727356,27738.381708040833,3307.243223837731
1780131751,250,,Aggregated,30.400000,0.100000,2700,3800,6300,6800,7800,8400,12000,13000,25000,28000,28000,5575,16,2700,3794.924015273782,223.60737493727356,27738.381708040833,3310.5361434977576
1780131752,250,,Aggregated,29.500000,0.100000,2800,3800,6300,6800,7800,8400,12000,13000,25000,28000,28000,5587,16,2800,3800.2403484997963,223.60737493727356,27738.381708040833,3309.5870771433683
1780131753,250,,Aggregated,29.700000,0.200000,2800,3800,6300,6800,7800,8400,12000,13000,25000,28000,28000,5618,16,2800,3816.9968159092905,223.60737493727356,27738.381708040833,3306.832680669277
1780131754,250,,Aggregated,29.200000,0.200000,2800,4100,6400,6900,7800,8400,11000,13000,25000,28000,28000,5735,16,2800,3880.938792449041,223.60737493727356,27738.381708040833,3327.5618134263295
1780131755,250,,Aggregated,30.000000,0.200000,2800,4200,6500,6900,7800,8400,11000,13000,25000,28000,28000,5776,16,2800,3898.0920551547424,223.60737493727356,27738.381708040833,3319.398718836565
1780131756,250,,Aggregated,31.900000,0.100000,2800,4300,6500,6900,7800,8400,11000,13000,25000,28000,28000,5814,16,2800,3909.018668112048,223.60737493727356,27738.381708040833,3313.6217750257997
1780131758,250,,Aggregated,41.400000,0.100000,2800,4300,6500,6900,7800,8400,11000,13000,25000,28000,28000,5820,16,2800,3910.993622878761,223.60737493727356,27738.381708040833,3315.6505154639176
1780131759,250,,Aggregated,39.700000,0.100000,2800,4300,6500,6900,7800,8400,11000,13000,25000,28000,28000,5823,16,2800,3909.8710961182073,223.60737493727356,27738.381708040833,3314.2855916194403
1780131760,250,,Aggregated,33.600000,0.100000,2800,4300,6500,6900,7800,8400,11000,13000,25000,28000,28000,5825,16,2800,3909.5779331310396,223.60737493727356,27738.381708040833,3315.0269527896994
1780131761,250,,Aggregated,27.900000,0.100000,2800,4400,6500,6900,7800,8400,11000,13000,25000,28000,28000,5833,16,2800,3916.1583318955927,223.60737493727356,27738.381708040833,3314.304474541402
1780131762,250,,Aggregated,26.800000,0.100000,2900,4500,6500,6900,7800,8500,12000,13000,25000,28000,28000,5861,16,2900,3939.582890623978,223.60737493727356,27738.381708040833,3313.7263265654324
1780131763,250,,Aggregated,26.800000,0.100000,2900,4600,6600,7000,7800,8400,11000,13000,25000,28000,28000,5901,16,2900,3961.1992711804955,223.60737493727356,27738.381708040833,3318.938823928148
1780131764,250,,Aggregated,26.200000,0.000000,2900,5000,6700,7100,7800,8400,11000,13000,25000,28000,28000,5999,16,2900,4012.5285391218717,223.60737493727356,27738.381708040833,3320.463910651775
1780131765,250,,Aggregated,31.400000,0.000000,2900,5100,6700,7100,7900,8500,11000,13000,23000,28000,28000,6032,16,2900,4025.658595267149,223.60737493727356,27738.381708040833,3322.170921750663
1780131766,250,,Aggregated,31.400000,0.000000,2900,5100,6700,7100,7900,8500,11000,13000,23000,28000,28000,6039,16,2900,4024.1783676770096,223.60737493727356,27738.381708040833,3322.1685709554563
1780131767,250,,Aggregated,27.900000,0.000000,2900,5200,6700,7100,7900,8500,11000,13000,23000,28000,28000,6055,16,2900,4036.866469286213,223.60737493727356,27738.381708040833,3323.861932287366
1780131768,250,,Aggregated,27.900000,0.000000,2900,5200,6700,7100,7900,8500,11000,13000,23000,28000,28000,6068,16,2900,4045.2150318862437,223.60737493727356,27738.381708040833,3323.7928477257747
1780131769,250,,Aggregated,24.000000,0.000000,2900,5300,6700,7100,7900,8600,12000,13000,23000,28000,28000,6113,16,2900,4072.803937861733,223.60737493727356,27738.381708040833,3303.772124979552
1780131770,250,,Aggregated,24.000000,0.000000,3000,5500,6800,7100,7900,8600,12000,13000,23000,28000,28000,6170,16,3000,4101.718043839037,223.60737493727356,27738.381708040833,3325.546191247974
1780131771,250,,Aggregated,24.800000,0.000000,3000,5600,6800,7100,7900,8600,12000,13000,23000,28000,28000,6184,16,3000,4105.982288484295,223.60737493727356,27738.381708040833,3319.8834087968953
1780131772,250,,Aggregated,34.500000,0.000000,3000,5700,6800,7100,7900,8600,12000,13000,23000,28000,28000,6277,16,3000,4135.7411190223975,223.60737493727356,27738.381708040833,3314.074717221603
1780131773,250,,Aggregated,35.100000,0.000000,3000,5700,6700,7100,7900,8600,12000,13000,23000,28000,28000,6300,18,3000,4137.162128535071,223.60737493727356,27738.381708040833,3317.3814285714284
1780131774,250,,Aggregated,35.100000,0.000000,3000,5800,6700,7100,7900,8600,12000,13000,23000,28000,28000,6318,20,3000,4139.618378788846,223.60737493727356,27738.381708040833,3317.148622981956
1780131775,250,,Aggregated,41.900000,0.000000,3000,5800,6700,7100,7900,8600,12000,13000,23000,28000,28000,6325,20,3000,4139.930081834667,223.60737493727356,27738.381708040833,3313.661660079051
1780131776,250,,Aggregated,39.800000,0.200000,3000,5800,6800,7100,7900,8600,12000,13000,23000,28000,28000,6337,20,3000,4144.889330798403,223.60737493727356,27738.381708040833,3317.554994476882
1780131777,250,,Aggregated,31.100000,0.400000,3000,5900,6800,7100,7900,8600,12000,13000,23000,28000,28000,6350,20,3000,4150.421230750966,223.60737493727356,27738.381708040833,3317.5233070866143
1780131778,250,,Aggregated,31.100000,0.400000,3000,5900,6800,7100,7900,8600,12000,13000,23000,28000,28000,6383,20,3000,4167.91149223508,223.60737493727356,27738.381708040833,3317.3987153376156
1780131779,250,,Aggregated,29.800000,0.400000,3100,6000,6800,7100,7900,8500,12000,13000,23000,28000,28000,6436,20,3100,4192.618585297958,223.60737493727356,27738.381708040833,3323.2989434431324
1780131780,250,,Aggregated,31.500000,0.400000,3100,6000,6800,7100,7900,8600,12000,13000,23000,28000,28000,6489,20,3100,4209.517489902922,223.60737493727356,27738.381708040833,3329.3894282632145
1780131781,250,,Aggregated,32.700000,0.400000,3100,6100,6800,7200,8000,8600,12000,13000,23000,28000,28000,6538,20,3100,4232.53385436786,223.60737493727356,27738.381708040833,3329.5871826246557
1780131782,250,,Aggregated,31.200000,0.400000,3100,6100,6900,7200,8000,8600,12000,13000,23000,28000,28000,6572,20,3100,4242.420263869568,223.60737493727356,27738.381708040833,3324.412203286671
1780131783,250,,Aggregated,35.300000,0.400000,3100,6100,6900,7200,8000,8600,12000,13000,23000,28000,28000,6584,20,3100,4244.891444161678,223.60737493727356,27738.381708040833,3324.905984204131
1780131784,250,,Aggregated,35.300000,0.400000,3100,6100,6900,7200,8000,8600,12000,13000,23000,28000,28000,6592,20,3100,4246.841439356115,223.60737493727356,27738.381708040833,3324.2844356796118
1780131785,250,,Aggregated,28.600000,0.400000,3100,6100,6900,7200,8000,8600,12000,13000,23000,28000,28000,6600,20,3100,4251.558971765708,223.60737493727356,27738.381708040833,3323.556515151515
1780131786,250,,Aggregated,28.200000,0.200000,3100,6100,6900,7200,8000,8600,11000,13000,23000,28000,28000,6603,20,3100,4252.660358730226,223.60737493727356,27738.381708040833,3323.807057398152
1780131787,250,,Aggregated,27.500000,0.000000,3100,6100,6900,7200,8000,8600,12000,13000,23000,28000,28000,6632,20,3100,4272.398094331953,223.60737493727356,27738.381708040833,3325.520205066345
1780131788,250,,Aggregated,27.500000,0.000000,3200,6200,6900,7200,8000,8600,12000,13000,23000,28000,28000,6660,20,3200,4290.29175654168,223.60737493727356,27738.381708040833,3324.684084084084
1780131789,250,,Aggregated,27.700000,0.000000,3200,6300,6900,7300,8100,8700,12000,13000,23000,28000,28000,6756,20,3200,4341.535824278387,223.60737493727356,27738.381708040833,3319.1999703966844
1780131790,250,,Aggregated,27.700000,0.000000,3200,6300,7000,7300,8100,8800,12000,13000,23000,28000,28000,6796,20,3200,4354.422687228963,223.60737493727356,27738.381708040833,3320.9248087110063
1780131791,250,,Aggregated,31.900000,0.000000,3200,6300,7000,7300,8100,8800,12000,13000,23000,28000,28000,6816,20,3200,4350.4655309373675,223.60737493727356,27738.381708040833,3321.100792253521
1780131792,250,,Aggregated,29.700000,0.000000,3200,6300,7000,7300,8100,8800,12000,13000,23000,28000,28000,6847,20,3200,4365.689715604663,223.60737493727356,27738.381708040833,3317.81670804732
1780131793,250,,Aggregated,27.200000,0.000000,3200,6300,7000,7300,8200,8900,12000,13000,23000,28000,28000,6896,20,3200,4393.739872564272,223.60737493727356,27738.381708040833,3307.9847737819027
1780131794,250,,Aggregated,28.100000,0.000000,3200,6300,7000,7300,8200,8900,12000,13000,23000,28000,28000,6910,20,3200,4394.0667144470735,223.60737493727356,27738.381708040833,3312.018523878437
1780131795,250,,Aggregated,28.100000,0.000000,3200,6300,7000,7300,8200,8900,12000,13000,23000,28000,28000,6913,20,3200,4393.17544876728,223.60737493727356,27738.381708040833,3310.7202372341962
1780131796,250,,Aggregated,31.600000,0.000000,3300,6300,7000,7300,8200,8900,12000,13000,23000,28000,28000,6933,20,3300,4398.812804551212,223.60737493727356,27738.381708040833,3310.515361315448
1780131797,250,,Aggregated,31.300000,0.000000,3300,6300,7000,7300,8200,8900,12000,13000,23000,28000,28000,6951,20,3300,4402.60867578328,223.60737493727356,27738.381708040833,3306.9602934829522
1780131798,250,,Aggregated,32.600000,0.000000,3300,6400,7000,7400,8200,8900,12000,13000,21000,28000,28000,7051,20,3300,4443.332950856704,223.60737493727356,27738.381708040833,3305.0587150758756
1780131799,250,,Aggregated,31.600000,0.000000,3300,6400,7000,7400,8100,8900,12000,13000,21000,28000,28000,7107,20,3300,4455.169020483415,223.60737493727356,27738.381708040833,3303.569157168988
1780131800,250,,Aggregated,35.300000,0.000000,3400,6400,7000,7400,8100,8900,12000,13000,21000,28000,28000,7144,20,3400,4458.062043852981,223.60737493727356,27738.381708040833,3301.6437569988802
1780131801,250,,Aggregated,34.100000,0.000000,3400,6400,7000,7400,8100,8900,12000,13000,21000,28000,28000,7160,20,3400,4461.990629439473,223.60737493727356,27738.381708040833,3304.9798882681566
1780131802,275,,Aggregated,35.500000,0.000000,3400,6400,7000,7400,8100,8900,12000,13000,21000,28000,28000,7166,20,3400,4461.599324802815,223.60737493727356,27738.381708040833,3305.2908177504883
1780131803,300,,Aggregated,35.500000,0.000000,3400,6400,7000,7400,8100,8900,12000,13000,21000,28000,28000,7168,20,3400,4461.904477183846,223.60737493727356,27738.381708040833,3307.3044084821427
1780131804,325,,Aggregated,32.200000,0.000000,3400,6400,7000,7400,8100,8900,12000,13000,21000,28000,28000,7181,20,3400,4467.073649920202,223.60737493727356,27738.381708040833,3308.9558557304
1780131805,350,,Aggregated,32.200000,0.000000,3400,6400,7000,7400,8200,8900,12000,13000,21000,28000,28000,7184,20,3400,4469.090071233832,223.60737493727356,27738.381708040833,3310.499304008909
1780131806,375,,Aggregated,28.300000,0.000000,3400,6400,7000,7400,8200,8900,12000,13000,21000,28000,28000,7192,20,3400,4471.826895948547,223.60737493727356,27738.381708040833,3309.9005839822025
1780131807,400,,Aggregated,27.000000,0.000000,3400,6400,7000,7400,8200,9000,12000,13000,21000,28000,28000,7210,20,3400,4483.122687401261,223.60737493727356,27738.381708040833,3310.5601941747573
1780131808,425,,Aggregated,26.300000,0.000000,3400,6500,7100,7400,8200,9100,12000,13000,21000,28000,28000,7273,20,3400,4513.923725227579,223.60737493727356,27738.381708040833,3308.699161281452
1780131809,450,,Aggregated,27.000000,0.000000,3500,6500,7100,7500,8300,9200,12000,13000,21000,28000,28000,7340,20,3500,4555.276583400939,223.60737493727356,27738.381708040833,3305.6797002724797
1780131810,475,,Aggregated,27.000000,0.000000,3500,6500,7100,7500,8300,9200,12000,13000,21000,28000,28000,7348,20,3500,4557.712827605324,223.60737493727356,27738.381708040833,3307.9930593358736
1780131811,500,,Aggregated,23.900000,0.000000,3500,6500,7100,7500,8300,9200,12000,13000,21000,28000,28000,7352,20,3500,4558.264745692063,223.60737493727356,27738.381708040833,3309.1687976060934
1780131812,500,,Aggregated,21.400000,0.000000,3500,6500,7100,7500,8300,9300,12000,13000,21000,28000,28000,7377,20,3500,4570.581167897557,223.60737493727356,27738.381708040833,3308.703673580046
1780131813,500,,Aggregated,19.400000,0.000000,3500,6600,7200,7500,8400,9500,12000,13000,21000,28000,28000,7415,20,3500,4604.943744959209,223.60737493727356,27738.381708040833,3309.626163182738
1780131814,500,,Aggregated,20.800000,0.000000,3600,6600,7200,7500,8500,9900,12000,13000,21000,28000,28000,7492,20,3600,4664.565850617758,223.60737493727356,27738.381708040833,3299.2095568606514
1780131815,500,,Aggregated,23.000000,0.000000,3600,6600,7300,7600,8500,10000,12000,13000,21000,28000,28000,7519,20,3600,4687.182578029044,223.60737493727356,27738.381708040833,3310.4394201356563
1780131816,500,,Aggregated,29.000000,0.000000,3600,6600,7300,7600,8500,10000,12000,13000,21000,28000,28000,7538,20,3600,4698.118927626715,223.60737493727356,27738.381708040833,3312.129211992571
1780131817,500,,Aggregated,29.000000,0.000000,3600,6600,7300,7600,8500,10000,12000,13000,21000,28000,28000,7552,20,3600,4709.623683879381,223.60737493727356,27738.381708040833,3314.4962923728813
1780131818,500,,Aggregated,33.800000,0.000000,3600,6700,7300,7600,8500,10000,12000,13000,21000,28000,28000,7568,20,3600,4718.500884666481,223.60737493727356,27738.381708040833,3310.69133192389
1780131819,500,,Aggregated,34.200000,0.000000,3600,6700,7300,7600,8600,10000,12000,13000,21000,28000,28000,7588,21,3600,4734.817187224298,223.60737493727356,27738.381708040833,3313.2774117026884
1780131820,500,,Aggregated,29.500000,0.000000,3700,6700,7300,7600,8600,10000,12000,14000,21000,28000,28000,7606,21,3700,4749.86982191597,223.60737493727356,27738.381708040833,3315.4130949250593
1780131821,500,,Aggregated,24.200000,0.100000,3700,6700,7300,7700,8700,11000,13000,14000,21000,28000,28000,7652,21,3700,4795.956003058959,223.60737493727356,27738.381708040833,3310.0951385258754
1780131822,500,,Aggregated,25.100000,0.100000,3800,6700,7400,7700,8800,11000,13000,14000,21000,28000,28000,7701,21,3800,4849.470098752082,223.60737493727356,27738.381708040833,3313.0350603817687
1780131823,500,,Aggregated,27.500000,0.100000,3800,6800,7400,7700,8900,11000,13000,15000,21000,28000,28000,7737,21,3800,4886.56540907184,223.60737493727356,27738.381708040833,3310.329068114256
1780131824,500,,Aggregated,31.800000,0.100000,3800,6800,7400,7800,9000,11000,13000,15000,21000,28000,28000,7750,21,3800,4897.407803530811,223.60737493727356,27738.381708040833,3309.007741935484
1780131825,500,,Aggregated,31.800000,0.100000,3800,6800,7400,7800,9000,11000,13000,15000,21000,28000,28000,7766,21,3800,4912.947110823723,223.60737493727356,27738.381708040833,3311.9334277620396
1780131826,500,,Aggregated,28.000000,0.100000,3900,6800,7400,7800,9200,12000,13000,16000,23000,28000,28000,7824,21,3900,4968.859080424454,223.60737493727356,27738.381708040833,3306.6495398773004
1780131827,500,,Aggregated,25.600000,0.100000,4000,6800,7400,7900,9300,12000,13000,16000,23000,28000,28000,7865,23,4000,5007.868649765427,223.60737493727356,27738.381708040833,3301.955117609663
1780131828,500,,Aggregated,28.500000,0.100000,4100,6800,7500,7900,9500,12000,13000,16000,24000,28000,28000,7911,23,4100,5051.129524358531,223.60737493727356,27738.381708040833,3303.6104158766275
1780131829,500,,Aggregated,30.100000,0.300000,4100,6900,7500,7900,9600,12000,13000,17000,24000,28000,28000,7918,23,4100,5060.420262833837,223.60737493727356,27738.381708040833,3302.053548875979
1780131830,500,,Aggregated,30.800000,0.300000,4100,6900,7500,7900,9700,12000,14000,17000,25000,28000,28000,7949,23,4100,5096.190740354041,223.60737493727356,27738.381708040833,3301.6020883129954
1780131831,500,,Aggregated,33.500000,0.200000,4100,6900,7500,7900,9800,12000,14000,17000,25000,28000,28000,7958,23,4100,5102.432061467489,223.60737493727356,27738.381708040833,3299.2886403619
1780131832,500,,Aggregated,34.000000,0.200000,4200,6900,7500,7900,9900,12000,14000,18000,26000,28000,28000,7981,23,4200,5130.524564020879,223.60737493727356,27738.381708040833,3299.483398070417
1780131833,500,,Aggregated,32.300000,0.200000,4200,6900,7500,8000,10000,12000,14000,19000,26000,28000,28000,8000,23,4200,5150.505376894715,223.60737493727356,27738.381708040833,3302.41425
1780131834,500,,Aggregated,32.300000,0.200000,4200,6900,7500,8000,10000,12000,14000,18000,26000,28000,28000,8002,23,4200,5149.342765015967,223.60737493727356,27738.381708040833,3301.702574356411
1780131835,500,,Aggregated,27.800000,0.200000,4200,6900,7500,8000,10000,12000,14000,19000,26000,28000,28000,8023,26,4200,5166.336538695094,223.60737493727356,27738.381708040833,3294.6467655490464
1780131836,500,,Aggregated,25.400000,0.200000,4400,6900,7600,8000,10000,12000,14000,20000,26000,30000,30000,8098,26,4400,5257.354833676756,223.60737493727356,30197.377791977488,3294.5301308965177
1780131837,500,,Aggregated,25.300000,0.500000,4400,6900,7600,8100,10000,12000,14000,20000,27000,30000,30000,8122,26,4400,5281.490073051272,223.60737493727356,30197.377791977488,3293.001723713371
1780131838,500,,Aggregated,25.700000,0.500000,4500,7000,7600,8100,11000,13000,15000,20000,27000,30000,30000,8163,26,4500,5328.89853552976,223.60737493727356,30197.377791977488,3293.902854342766
1780131839,500,,Aggregated,25.300000,0.300000,4600,7000,7700,8100,11000,13000,15000,21000,28000,30000,30000,8196,26,4600,5358.631259678084,223.60737493727356,30197.377791977488,3297.876403123475
1780131840,500,,Aggregated,26.700000,0.300000,4800,7000,7700,8200,11000,13000,16000,23000,30000,33000,33000,8248,48,4800,5457.23526022897,223.60737493727356,32752.155625028536,3290.33935499515
1780131841,500,,Aggregated,27.400000,0.300000,4800,7000,7700,8200,11000,13000,17000,25000,33000,34000,34000,8293,59,4800,5524.848113810215,223.60737493727356,33653.05537497625,3288.2217532859036
1780131842,500,,Aggregated,27.900000,0.400000,4900,7100,7800,8300,11000,13000,18000,25000,33000,36000,36000,8330,63,4900,5565.447859558177,223.60737493727356,36259.29674995132,3287.843337334934
1780131843,500,,Aggregated,33.900000,3.400000,4900,7100,7800,8300,11000,13000,17000,25000,33000,36000,36000,8364,63,4900,5592.2831205808,223.60737493727356,36259.29674995132,3284.147656623625
1780131844,500,,Aggregated,35.800000,4.000000,4900,7100,7800,8300,12000,13000,18000,26000,33000,37000,37000,8382,69,4900,5621.619581473942,223.60737493727356,37107.00066701975,3283.683488427583
1780131845,500,,Aggregated,34.900000,4.000000,5000,7100,7800,8300,12000,13000,19000,27000,33000,38000,38000,8409,83,5000,5674.957772133851,223.60737493727356,37676.83212494012,3277.0447139969083
1780131846,500,,Aggregated,37.100000,4.200000,5000,7100,7900,8400,12000,13000,19000,27000,33000,38000,38000,8431,85,5000,5698.681483231342,223.60737493727356,37822.681374964304,3278.640730636935
1780131847,500,,Aggregated,37.600000,5.100000,5100,7100,7900,8400,12000,13000,20000,29000,36000,38000,38000,8457,99,5100,5751.891451987286,223.60737493727356,37865.537374978885,3273.7933073193803
1780131848,500,,Aggregated,34.800000,5.700000,5200,7100,7900,8400,12000,13000,21000,29000,38000,42000,42000,8486,117,5100,5819.773417123181,223.60737493727356,42283.25758303981,3267.753594155079
1780131849,500,,Aggregated,34.200000,6.400000,5200,7200,7900,8500,12000,13000,21000,29000,38000,42000,42000,8531,120,5200,5859.187950860387,223.60737493727356,42283.25758303981,3276.9838237017934
1780131850,500,,Aggregated,33.900000,8.900000,5300,7200,7900,8500,12000,13000,21000,29000,38000,42000,42000,8551,121,5300,5877.6727970751945,223.60737493727356,42283.25758303981,3275.5464857911356
1780131851,500,,Aggregated,31.400000,9.200000,5300,7200,8000,8500,12000,13000,21000,29000,38000,42000,42000,8584,121,5300,5901.869427359996,223.60737493727356,42283.25758303981,3269.496272134203
1780131852,500,,Aggregated,31.300000,9.300000,5300,7200,8000,8500,12000,13000,22000,29000,39000,43000,43000,8599,124,5300,5919.143746118738,223.60737493727356,42661.498875007965,3268.8337015932084
1780131853,500,,Aggregated,28.500000,6.400000,5400,7200,8000,8600,12000,13000,23000,29000,39000,43000,43000,8629,135,5400,5967.7094310414805,223.60737493727356,42661.498875007965,3268.6458454050294
1780131854,500,,Aggregated,27.100000,6.100000,5400,7300,8000,8600,12000,14000,24000,29000,39000,43000,43000,8661,141,5400,6008.288614613315,223.60737493727356,42661.498875007965,3266.6980718161876
1780131855,500,,Aggregated,25.500000,6.300000,5500,7300,8100,8700,12000,14000,24000,29000,39000,43000,43000,8697,143,5500,6044.8229668225395,223.60737493727356,42661.498875007965,3269.4140508221226
1780131856,500,,Aggregated,25.800000,7.100000,5500,7300,8100,8800,12000,14000,24000,29000,39000,43000,43000,8738,144,5500,6080.1361392238505,223.60737493727356,42661.498875007965,3271.576333257038
1780131857,500,,Aggregated,28.600000,6.600000,5600,7300,8100,9000,13000,14000,24000,29000,39000,43000,43000,8792,145,5600,6133.574030353792,223.60737493727356,42661.498875007965,3276.958371246588
1780131858,500,,Aggregated,30.600000,6.100000,5600,7300,8200,9100,13000,14000,24000,29000,39000,43000,43000,8829,146,5600,6164.633931291528,223.60737493727356,42661.498875007965,3275.539132404576
1780131859,500,,Aggregated,32.100000,5.500000,5700,7400,8200,9100,13000,14000,24000,29000,39000,43000,43000,8844,149,5700,6178.037928675125,223.60737493727356,42661.498875007965,3275.159090909091
1780131860,500,,Aggregated,33.900000,3.100000,5700,7400,8200,9100,13000,14000,24000,29000,39000,43000,43000,8869,151,5700,6198.463174859264,223.60737493727356,42661.498875007965,3269.7079715864247
1780131861,500,,Aggregated,34.000000,3.000000,5700,7400,8200,9200,13000,14000,25000,29000,39000,43000,43000,8890,154,5700,6221.714373700974,223.60737493727356,42661.498875007965,3268.02272215973
1780131862,500,,Aggregated,32.700000,3.000000,5700,7400,8200,9200,13000,14000,25000,29000,39000,43000,43000,8907,158,5700,6241.743246443877,223.60737493727356,42661.498875007965,3267.846188391153
1780131863,500,,Aggregated,30.300000,3.200000,5800,7400,8300,9300,13000,14000,26000,29000,39000,43000,43000,8928,166,5700,6268.401533690345,223.60737493727356,42661.498875007965,3263.9304435483873
1780131864,500,,Aggregated,30.300000,3.100000,5800,7400,8300,9400,13000,14000,26000,29000,39000,43000,43000,8959,169,5800,6295.644305386613,223.60737493727356,42661.498875007965,3262.501395245005
1780131865,500,,Aggregated,30.700000,3.400000,5900,7400,8300,9500,13000,14000,26000,29000,39000,43000,43000,8982,169,5900,6314.860907310384,223.60737493727356,42661.498875007965,3266.0160320641285
1780131866,500,,Aggregated,31.500000,3.200000,5900,7400,8300,9700,13000,15000,26000,29000,38000,43000,43000,9022,169,5900,6345.456708033425,223.60737493727356,42661.498875007965,3266.001662602527
1780131867,500,,Aggregated,29.300000,2.600000,5900,7400,8400,9900,13000,15000,26000,29000,38000,43000,43000,9063,170,5900,6374.728059523225,223.60737493727356,42661.498875007965,3267.9512302769504
1780131868,500,,Aggregated,28.500000,2.500000,6000,7500,8400,10000,13000,15000,26000,29000,38000,43000,43000,9106,171,6000,6403.347077833705,223.60737493727356,42661.498875007965,3270.6081704370745
1780131869,500,,Aggregated,28.200000,2.400000,6000,7500,8500,10000,13000,15000,26000,29000,38000,43000,43000,9163,175,6000,6448.076519794656,223.60737493727356,42661.498875007965,3269.357633962676
1780131870,500,,Aggregated,25.700000,2.400000,6000,7500,8500,10000,13000,15000,26000,29000,38000,43000,43000,9204,177,6000,6473.786305750612,223.60737493727356,42661.498875007965,3273.5319426336378
1780131871,500,,Aggregated,28.400000,2.400000,6000,7500,8500,10000,13000,15000,27000,29000,38000,43000,43000,9220,186,6000,6495.63397540722,223.60737493727356,42661.498875007965,3271.412798264642
1780131872,500,,Aggregated,30.600000,2.500000,6000,7500,8600,11000,13000,15000,27000,29000,38000,43000,43000,9248,194,6000,6520.980632767967,223.60737493727356,42661.498875007965,3269.965722318339
1780131873,500,,Aggregated,33.500000,2.600000,6100,7600,8600,11000,13000,15000,29000,29000,38000,43000,43000,9304,211,6100,6590.64628660683,223.60737493727356,42661.498875007965,3269.6937876182287
1780131874,500,,Aggregated,32.900000,3.300000,6100,7600,8700,11000,13000,15000,29000,29000,38000,43000,43000,9334,214,6100,6613.447084026087,223.60737493727356,42661.498875007965,3269.6378830083568
1780131875,500,,Aggregated,35.800000,3.900000,6100,7600,8700,11000,13000,15000,29000,29000,38000,43000,43000,9350,217,6100,6624.9621801790145,223.60737493727356,42661.498875007965,3266.640534759358
1780131876,500,,Aggregated,37.000000,4.400000,6100,7600,8700,11000,13000,15000,29000,29000,38000,43000,43000,9362,223,6100,6643.370127657495,223.60737493727356,42661.498875007965,3264.7787865840633
1780131877,500,,Aggregated,36.500000,4.600000,6200,7600,8800,11000,14000,15000,29000,29000,38000,43000,43000,9395,233,6200,6686.091881338344,223.60737493727356,42661.498875007965,3261.3020755721127
1780131878,500,,Aggregated,34.200000,5.000000,6200,7600,8800,11000,14000,15000,29000,29000,38000,43000,43000,9406,238,6200,6703.8132573010735,223.60737493727356,42661.498875007965,3258.933659366362
1780131879,500,,Aggregated,31.300000,5.500000,6200,7700,8900,11000,14000,15000,29000,29000,38000,43000,43000,9427,240,6200,6723.510634905526,223.60737493727356,42661.498875007965,3258.6995862946856
1780131880,500,,Aggregated,32.500000,6.500000,6200,7700,8900,11000,14000,15000,29000,29000,38000,43000,43000,9446,241,6200,6737.707127488198,223.60737493727356,42661.498875007965,3257.2221045945375
1780131881,500,,Aggregated,29.500000,6.800000,6200,7700,9000,11000,14000,15000,29000,29000,38000,43000,43000,9470,243,6200,6762.083279510426,223.60737493727356,42661.498875007965,3254.9870116156285
1780131882,500,,Aggregated,26.300000,6.500000,6300,7700,9100,12000,14000,15000,29000,29000,38000,43000,43000,9525,251,6300,6820.9344059321165,223.60737493727356,42661.498875007965,3254.4955380577426
1780131883,500,,Aggregated,23.500000,6.200000,6300,7800,9200,12000,14000,15000,29000,29000,38000,43000,43000,9560,251,6300,6847.834553879236,223.60737493727356,42661.498875007965,3255.0357740585773
1780131884,500,,Aggregated,27.700000,6.200000,6300,7800,9300,12000,14000,15000,29000,29000,38000,43000,43000,9603,251,6300,6880.594731898486,223.60737493727356,42661.498875007965,3254.022805373321
1780131885,500,,Aggregated,27.500000,5.200000,6300,7800,9600,12000,14000,15000,29000,29000,38000,43000,43000,9652,251,6300,6917.859276255389,223.60737493727356,42661.498875007965,3254.5
1780131886,500,,Aggregated,25.000000,3.900000,6300,7900,9900,12000,14000,15000,29000,29000,38000,43000,43000,9724,252,6300,6963.9143042897385,220.35166597925127,42661.498875007965,3255.017688194159
1780131887,500,,Aggregated,29.000000,3.600000,6400,7900,10000,12000,14000,15000,29000,29000,38000,43000,43000,9788,259,6400,7001.154064262189,220.35166597925127,42661.498875007965,3256.916632611361
1780131888,500,,Aggregated,30.900000,3.200000,6400,7900,10000,12000,14000,15000,29000,29000,38000,43000,43000,9851,268,6400,7014.406331011499,220.35166597925127,42661.498875007965,3249.926606435895
1780131889,500,,Aggregated,37.300000,2.800000,6400,7900,10000,12000,14000,15000,29000,29000,38000,43000,43000,9864,270,6400,7021.091763846738,220.35166597925127,42661.498875007965,3247.074614760746
1780131890,500,,Aggregated,40.200000,2.500000,6400,7900,10000,12000,14000,15000,29000,29000,38000,43000,43000,9896,271,6400,7045.550111076313,220.35166597925127,42661.498875007965,3246.5636620856912
1780131891,500,,Aggregated,43.500000,2.900000,6400,7900,10000,12000,14000,15000,29000,29000,38000,43000,43000,9909,271,6400,7055.458125799269,220.35166597925127,42661.498875007965,3244.713190029266
1780131892,500,,Aggregated,44.500000,3.000000,6400,7900,10000,12000,14000,16000,29000,29000,38000,43000,43000,9923,273,6400,7075.572352939119,220.35166597925127,42661.498875007965,3242.544190265041
1780131893,500,,Aggregated,45.100000,3.000000,6400,7900,10000,12000,14000,16000,29000,29000,38000,43000,43000,9941,273,6400,7094.647043167705,220.35166597925127,42661.498875007965,3241.018609797807
1780131894,500,,Aggregated,40.700000,2.100000,6400,8000,10000,12000,14000,16000,29000,29000,38000,43000,43000,9954,274,6400,7107.733757736007,220.35166597925127,42661.498875007965,3241.0587703435804
1780131895,500,,Aggregated,38.800000,2.200000,6400,8000,10000,12000,14000,16000,29000,29000,38000,43000,43000,9965,274,6400,7115.393906054786,220.35166597925127,42661.498875007965,3242.820973406924
1780131896,500,,Aggregated,37.700000,2.200000,6400,8000,10000,12000,14000,16000,29000,29000,38000,43000,43000,9970,274,6400,7118.311361877542,220.35166597925127,42661.498875007965,3243.5088264794385
1780131897,500,,Aggregated,32.500000,2.300000,6400,8000,10000,12000,14000,16000,29000,29000,38000,43000,43000,9976,276,6400,7126.495256332098,220.35166597925127,42661.498875007965,3242.639735364876
1780131898,500,,Aggregated,30.300000,2.300000,6500,8000,10000,12000,14000,16000,29000,29000,38000,43000,43000,9984,276,6500,7133.666613878091,220.35166597925127,42661.498875007965,3241.1361177884614
1780131899,500,,Aggregated,30.300000,2.300000,6500,8000,10000,12000,14000,16000,29000,29000,38000,43000,43000,9984,276,6500,7133.666613878091,220.35166597925127,42661.498875007965,3241.1361177884614
1780131900,500,,Aggregated,18.100000,1.600000,6500,8000,10000,12000,14000,16000,29000,29000,38000,43000,43000,9989,277,6500,7139.4499809999925,220.35166597925127,42661.498875007965,3242.669436380018
1780131901,500,,Aggregated,13.000000,0.700000,6500,8000,11000,12000,15000,16000,29000,29000,38000,42000,43000,10085,279,6500,7229.560251871408,220.35166597925127,42661.498875007965,3234.897074863659
1780131902,500,,Aggregated,11.200000,0.600000,6500,8100,11000,12000,15000,16000,29000,29000,38000,42000,43000,10126,279,6500,7257.065741848949,220.35166597925127,42661.498875007965,3232.592435315031
1780131903,500,,Aggregated,9.500000,0.600000,6500,8100,11000,12000,15000,16000,29000,29000,38000,42000,43000,10180,281,6500,7261.241868337505,220.35166597925127,42661.498875007965,3229.7545186640473
1780131904,500,,Aggregated,19.300000,0.800000,6500,8100,11000,12000,15000,16000,29000,29000,38000,42000,43000,10212,291,6500,7263.34195289974,220.35166597925127,42661.498875007965,3230.373090481786
1780131905,500,,Aggregated,20.300000,0.600000,6500,8100,11000,12000,15000,16000,29000,29000,38000,42000,43000,10247,302,6500,7292.177321091024,220.35166597925127,42661.498875007965,3231.922904264663
1780131906,500,,Aggregated,23.700000,0.800000,6500,8100,11000,12000,15000,16000,29000,29000,38000,42000,43000,10263,304,6500,7290.350947587893,220.35166597925127,42661.498875007965,3229.397154828023
1780131907,500,,Aggregated,26.300000,1.700000,6500,8100,11000,12000,15000,16000,29000,29000,38000,42000,43000,10274,305,6500,7289.2696457616075,220.35166597925127,42661.498875007965,3229.1367529686586
1780131908,500,,Aggregated,28.300000,2.900000,6500,8100,11000,12000,15000,16000,29000,29000,38000,42000,43000,10297,311,6500,7290.864542505468,220.35166597925127,42661.498875007965,3229.4859667864425
1780131909,500,,Aggregated,29.300000,3.000000,6500,8100,11000,12000,15000,16000,29000,29000,38000,42000,43000,10325,318,6500,7292.217681086644,220.35166597925127,42661.498875007965,3229.2125907990317
1780131910,500,,Aggregated,29.800000,3.200000,6500,8100,11000,12000,15000,16000,29000,29000,38000,42000,43000,10348,318,6500,7288.543495217497,220.35166597925127,42661.498875007965,3230.368863548512
1780131911,500,,Aggregated,31.900000,3.700000,6500,8100,11000,12000,15000,16000,29000,29000,38000,42000,43000,10358,318,6500,7287.567975229519,220.35166597925127,42661.498875007965,3229.455686425951
1780131912,500,,Aggregated,34.100000,4.200000,6500,8100,11000,12000,15000,16000,29000,29000,38000,42000,43000,10370,318,6500,7287.3926124084965,220.35166597925127,42661.498875007965,3229.8403085824493
1780131913,500,,Aggregated,35.600000,4.100000,6500,8100,11000,12000,15000,16000,29000,29000,38000,42000,43000,10404,334,6500,7323.958234405642,220.35166597925127,42661.498875007965,3226.6860822760477
1780131914,500,,Aggregated,25.300000,3.900000,6600,8200,11000,12000,15000,17000,29000,29000,38000,42000,43000,10467,350,6600,7361.392210673934,220.35166597925127,42661.498875007965,3224.013757523646
1780131915,500,,Aggregated,24.200000,4.200000,6600,8200,11000,12000,15000,17000,29000,29000,38000,42000,43000,10542,361,6600,7396.039086661638,220.35166597925127,42661.498875007965,3219.8395940049327
1780131916,500,,Aggregated,23.300000,5.500000,6600,8200,11000,13000,15000,18000,29000,29000,38000,42000,43000,10615,408,6600,7497.150261792014,220.35166597925127,42661.498875007965,3205.0561469618465
1780131917,500,,Aggregated,25.800000,5.900000,6700,8300,12000,13000,15000,20000,29000,29000,38000,42000,43000,10724,476,6700,7644.464237194535,220.35166597925127,42661.498875007965,3185.8993845580007
1780131918,500,,Aggregated,29.500000,5.900000,6700,8400,12000,13000,15000,23000,29000,29000,38000,42000,43000,10782,518,6700,7725.978760187058,220.35166597925127,42661.498875007965,3174.125208681135
1780131919,500,,Aggregated,35.600000,10.800000,6700,8400,12000,13000,15000,23000,29000,29000,38000,42000,43000,10811,526,6700,7741.224432210741,220.35166597925127,42661.498875007965,3174.797891036907
1780131920,500,,Aggregated,44.700000,17.100000,6700,8400,12000,13000,15000,24000,29000,29000,38000,42000,43000,10836,531,6700,7749.60528048529,220.35166597925127,42661.498875007965,3171.6583610188263
1780131921,500,,Aggregated,47.900000,20.500000,6700,8400,12000,13000,15000,25000,29000,29000,38000,42000,43000,10862,543,6700,7771.354275640439,220.35166597925127,42661.498875007965,3168.0918799484443
1780131922,550,,Aggregated,48.600000,20.800000,6700,8400,12000,13000,15000,26000,29000,29000,38000,42000,43000,10882,552,6700,7787.079648031793,220.35166597925127,42661.498875007965,3165.402867120015
1780131923,600,,Aggregated,49.000000,21.500000,6700,8400,12000,13000,15000,27000,29000,29000,38000,42000,43000,10915,564,6700,7809.5748885372095,220.35166597925127,42661.498875007965,3162.748327989006
1780131924,650,,Aggregated,50.300000,22.500000,6700,8400,12000,13000,15000,27000,29000,29000,38000,42000,43000,10943,571,6700,7821.421413865045,220.35166597925127,42661.498875007965,3160.579000274148
1780131925,700,,Aggregated,51.600000,23.400000,6700,8400,12000,13000,15000,27000,29000,29000,38000,42000,43000,10956,574,6700,7827.694719967884,220.35166597925127,42661.498875007965,3159.787513691128
1780131926,750,,Aggregated,50.200000,22.800000,6700,8400,12000,13000,15000,27000,29000,29000,38000,42000,43000,10970,574,6700,7828.148424480417,220.35166597925127,42661.498875007965,3156.9295350957154
1780131927,800,,Aggregated,46.800000,22.100000,6700,8400,12000,13000,15000,27000,29000,29000,38000,42000,43000,10996,574,6700,7834.826326312414,220.35166597925127,42661.498875007965,3154.410512913787
1780131928,850,,Aggregated,41.300000,21.200000,6700,8400,12000,13000,15000,27000,29000,29000,38000,42000,43000,11031,574,6700,7843.3981539194365,220.35166597925127,42661.498875007965,3153.2533768470676
1780131930,900,,Aggregated,35.100000,16.200000,6700,8400,12000,13000,15000,27000,29000,29000,38000,42000,43000,11052,574,6700,7849.227974466496,220.35166597925127,42661.498875007965,3153.464802750633
1780131931,950,,Aggregated,24.900000,5.600000,6800,8500,12000,13000,15000,27000,29000,29000,38000,42000,43000,11091,574,6800,7864.6661196135765,220.35166597925127,42661.498875007965,3150.206293391038
1780131932,1000,,Aggregated,24.900000,5.600000,6800,8500,12000,13000,15000,27000,29000,29000,38000,42000,43000,11152,574,6800,7883.874674215195,220.35166597925127,42661.498875007965,3140.6197094691533
1780131933,1000,,Aggregated,24.100000,4.800000,6800,8500,12000,13000,15000,27000,29000,29000,38000,42000,43000,11178,574,6800,7884.72895014125,220.35166597925127,42661.498875007965,3138.431293612453
1780131934,1000,,Aggregated,25.000000,4.100000,6800,8500,12000,13000,15000,26000,29000,29000,38000,42000,43000,11206,575,6800,7885.551025456477,220.35166597925127,42661.498875007965,3137.3888095663037
1780131935,1000,,Aggregated,29.000000,3.100000,6800,8600,12000,13000,15000,26000,29000,29000,38000,42000,43000,11235,575,6800,7888.247151681477,220.35166597925127,42661.498875007965,3136.1497997329775
1780131936,1000,,Aggregated,28.700000,1.900000,6800,8600,12000,13000,15000,26000,29000,29000,38000,42000,43000,11257,575,6800,7889.656399427257,220.35166597925127,42661.498875007965,3134.8499600248733
1780131937,1000,,Aggregated,29.100000,1.100000,6800,8600,12000,13000,15000,26000,29000,29000,38000,42000,43000,11312,575,6800,7901.485538986694,220.35166597925127,42661.498875007965,3134.8610325318245
1780131938,1000,,Aggregated,30.100000,0.100000,6800,8600,12000,13000,15000,26000,29000,29000,38000,42000,43000,11365,575,6800,7905.788979650376,220.35166597925127,42661.498875007965,3133.4695996480423
1780131939,1000,,Aggregated,34.200000,0.100000,6800,8600,12000,13000,15000,26000,29000,29000,38000,42000,43000,11435,576,6800,7914.729001743353,220.35166597925127,42661.498875007965,3128.9393091386096
1780131940,1000,,Aggregated,36.700000,0.100000,6800,8600,12000,13000,15000,26000,29000,29000,38000,42000,43000,11475,577,6800,7925.685968614624,220.35166597925127,42661.498875007965,3127.0053159041395
1780131941,1000,,Aggregated,39.000000,0.100000,6800,8600,12000,13000,15000,26000,29000,29000,38000,42000,43000,11517,586,6800,7958.847213993158,220.35166597925127,42661.498875007965,3130.5095076842927
1780131942,1000,,Aggregated,42.000000,0.300000,6900,8600,12000,13000,15000,26000,29000,29000,38000,42000,43000,11559,592,6900,7993.705734890365,220.35166597925127,42661.498875007965,3132.2244138766328
1780131943,1000,,Aggregated,42.000000,0.300000,6900,8600,12000,13000,15000,26000,29000,29000,38000,42000,43000,11583,592,6900,8006.748171254436,220.35166597925127,42661.498875007965,3135.9542432875764
1780131944,1000,,Aggregated,41.500000,0.900000,6900,8700,12000,13000,15000,26000,29000,29000,38000,42000,43000,11604,593,6900,8021.597854882554,220.35166597925127,42661.498875007965,3136.9136504653566
1780131945,1000,,Aggregated,40.500000,1.800000,6900,8700,12000,13000,15000,26000,29000,29000,38000,42000,43000,11641,594,6900,8042.592683232996,220.35166597925127,42661.498875007965,3137.265784726398
1780131946,1000,,Aggregated,39.800000,1.800000,6900,8700,12000,13000,15000,26000,29000,29000,38000,42000,43000,11653,594,6900,8049.976097368965,220.35166597925127,42661.498875007965,3136.8640693383677
1780131947,1000,,Aggregated,40.400000,1.900000,6900,8700,12000,13000,15000,26000,29000,29000,38000,42000,43000,11663,594,6900,8053.707967601872,220.35166597925127,42661.498875007965,3137.0335248220867
1780131948,1000,,Aggregated,39.300000,1.900000,6900,8800,12000,13000,15000,27000,29000,29000,38000,42000,43000,11720,601,6900,8088.479046552508,220.35166597925127,42661.498875007965,3139.32909556314
1780131949,1000,,Aggregated,35.000000,1.900000,6900,8800,12000,13000,15000,29000,29000,30000,38000,42000,43000,11774,630,6900,8157.0704566285885,220.35166597925127,42661.498875007965,3135.1510956344487
1780131950,1000,,Aggregated,34.700000,2.300000,6900,8800,12000,13000,15000,29000,29000,30000,38000,42000,43000,11810,646,6900,8189.658438354752,220.35166597925127,42661.498875007965,3131.2938187976292
1780131951,1000,,Aggregated,35.100000,5.400000,6900,8900,12000,13000,16000,29000,29000,30000,38000,42000,43000,11850,659,6900,8225.396403977675,220.35166597925127,42661.498875007965,3130.015358649789
1780131952,1000,,Aggregated,33.700000,6.900000,6900,8900,12000,13000,16000,29000,29000,30000,38000,42000,43000,11873,667,6900,8243.796126162488,220.35166597925127,42661.498875007965,3131.142171313063
1780131953,1000,,Aggregated,33.300000,7.100000,7000,9000,12000,13000,16000,29000,29000,30000,38000,42000,43000,11922,697,7000,8301.916405371841,220.35166597925127,42661.498875007965,3123.0520885757423
1780131954,1000,,Aggregated,31.400000,7.500000,7000,9000,12000,13000,16000,29000,29000,30000,38000,42000,43000,11964,714,7000,8339.77543975092,220.35166597925127,42661.498875007965,3118.581410899365
1780131955,1000,,Aggregated,33.100000,10.000000,7000,9000,12000,13000,16000,29000,29000,30000,38000,42000,43000,12001,725,7000,8366.83390980386,220.35166597925127,42661.498875007965,3116.185567869344
1780131956,1000,,Aggregated,33.100000,10.000000,7000,9100,12000,13000,16000,29000,29000,30000,38000,42000,43000,12030,733,7000,8394.327927539834,220.35166597925127,42661.498875007965,3111.6498753117207
1780131957,1000,,Aggregated,36.000000,13.000000,7000,9100,12000,13000,16000,29000,29000,30000,38000,42000,43000,12080,748,7000,8451.987073483393,220.35166597925127,42661.498875007965,3111.2215231788077
1780131958,1000,,Aggregated,38.000000,13.900000,7000,9100,12000,13000,16000,29000,29000,30000,38000,42000,43000,12109,749,7000,8471.262910398316,220.35166597925127,42661.498875007965,3112.624329011479
1780131959,1000,,Aggregated,41.500000,15.400000,7000,9200,12000,13000,16000,29000,29000,30000,38000,42000,43000,12147,754,7000,8490.074670180116,220.35166597925127,42661.498875007965,3110.1194533629705
1780131960,1000,,Aggregated,39.700000,15.100000,7000,9200,12000,13000,16000,29000,29000,30000,38000,43000,43000,12171,755,7000,8498.278767744558,220.35166597925127,42861.64945899509,3113.742338345247
1780131961,1000,,Aggregated,37.300000,12.500000,7000,9200,12000,13000,16000,29000,29000,31000,38000,43000,43000,12196,761,7000,8518.123036758341,220.35166597925127,42861.64945899509,3110.9016890783864
1780131962,1000,,Aggregated,35.300000,10.900000,7000,9200,12000,13000,16000,29000,29000,31000,39000,43000,45000,12226,765,7000,8539.031896993289,220.35166597925127,45449.38799994998,3115.4082283657776
1780131963,1000,,Aggregated,35.600000,10.700000,7000,9200,12000,13000,16000,29000,30000,31000,39000,45000,45000,12252,768,7000,8557.070288539031,220.35166597925127,45449.38799994998,3113.517140058766
1780131964,1000,,Aggregated,35.500000,9.700000,7000,9200,12000,13000,16000,29000,30000,32000,40000,45000,45000,12287,773,7000,8581.79924666428,220.35166597925127,45449.38799994998,3115.1587857084724
1780131965,1000,,Aggregated,33.300000,7.600000,7000,9200,12000,13000,17000,29000,30000,32000,40000,45000,45000,12325,785,7000,8612.551678915972,220.35166597925127,45449.38799994998,3110.0576064908723
1780131966,1000,,Aggregated,31.900000,6.000000,7000,9300,12000,13000,17000,29000,30000,32000,40000,45000,45000,12356,802,7000,8647.800140047448,220.35166597925127,45449.38799994998,3105.8612819682744
1780131967,1000,,Aggregated,31.600000,5.600000,7000,9400,12000,13000,18000,29000,30000,32000,41000,45000,52000,12420,835,7000,8727.812730861076,220.35166597925127,52470.24358296767,3097.777536231884
1780131968,1000,,Aggregated,31.000000,6.300000,7100,9500,12000,13000,18000,29000,30000,33000,41000,45000,52000,12479,882,7100,8819.435675174425,220.35166597925127,52470.24358296767,3086.775462777466
1780131969,1000,,Aggregated,30.700000,7.200000,7100,9500,12000,13000,19000,29000,30000,33000,41000,45000,52000,12501,900,7100,8850.809951377189,220.35166597925127,52470.24358296767,3083.1225501959843
1780131970,1000,,Aggregated,36.900000,13.000000,7100,9700,13000,14000,20000,29000,30000,34000,43000,46000,52000,12590,956,7100,8978.772663354148,220.35166597925127,52470.24358296767,3066.945035742653
1780131971,1000,,Aggregated,35.400000,14.500000,7100,9800,13000,14000,21000,29000,31000,35000,43000,46000,52000,12674,1009,7100,9084.898412929691,220.35166597925127,52470.24358296767,3052.2877544579455
1780131972,1000,,Aggregated,42.700000,20.000000,7100,9900,13000,14000,21000,29000,31000,35000,43000,48000,52000,12704,1021,7100,9115.326224874683,220.35166597925127,52470.24358296767,3048.7821158690176
1780131973,1000,,Aggregated,46.700000,23.600000,7200,10000,13000,14000,21000,29000,31000,35000,45000,49000,52000,12768,1060,7200,9203.232121039897,220.35166597925127,52470.24358296767,3039.656171679198
1780131974,1000,,Aggregated,47.700000,25.500000,7200,10000,13000,14000,22000,29000,31000,36000,46000,50000,52000,12848,1099,7200,9289.069226972846,220.35166597925127,52470.24358296767,3032.679716687422
1780131975,1000,,Aggregated,50.200000,28.100000,7200,10000,13000,14000,25000,29000,32000,38000,47000,51000,52000,12924,1144,7200,9384.39344681549,220.35166597925127,52470.24358296767,3022.729959764779
1780131976,1000,,Aggregated,57.000000,32.600000,7300,10000,13000,14000,25000,29000,32000,38000,49000,51000,52000,12987,1162,7300,9431.134700326631,220.35166597925127,52470.24358296767,3019.828905828906
1780131977,1000,,Aggregated,59.500000,35.300000,7300,10000,13000,14000,26000,29000,32000,38000,50000,58000,62000,13036,1169,7300,9472.709060126235,220.35166597925127,61510.609291959554,3023.417612764652
1780131978,1000,,Aggregated,62.300000,36.500000,7300,10000,13000,14000,27000,29000,32000,39000,51000,58000,62000,13090,1204,7300,9543.408319369943,220.35166597925127,61510.609291959554,3013.759129106188
1780131979,1000,,Aggregated,63.900000,34.500000,7300,10000,13000,14000,29000,29000,32000,40000,52000,58000,62000,13156,1241,7300,9622.454145375541,220.35166597925127,61510.609291959554,3005.416311948921
1780131980,1000,,Aggregated,59.400000,31.100000,7300,11000,13000,14000,29000,29000,32000,40000,52000,59000,62000,13214,1282,7300,9697.748368089673,220.35166597925127,61510.609291959554,2995.627743302558
1780131981,1000,,Aggregated,63.300000,32.600000,7300,11000,13000,14000,29000,29000,33000,40000,54000,59000,62000,13269,1305,7300,9748.902016487298,220.35166597925127,61510.609291959554,2990.669078302811
1780131982,1000,,Aggregated,61.800000,32.300000,7400,11000,13000,14000,29000,29000,33000,41000,55000,60000,62000,13302,1321,7400,9785.143543716582,220.35166597925127,61510.609291959554,2985.9717335738987
1780131983,1000,,Aggregated,59.500000,30.400000,7400,11000,13000,14000,29000,29000,33000,41000,56000,60000,62000,13339,1333,7400,9809.80131329608,220.35166597925127,61510.609291959554,2984.383611964915
1780131984,1000,,Aggregated,59.400000,29.700000,7400,11000,13000,14000,29000,29000,33000,41000,56000,60000,62000,13381,1345,7400,9834.235069502298,220.35166597925127,61510.609291959554,2981.529556834317
1780131985,1000,,Aggregated,58.500000,28.100000,7400,11000,13000,14000,29000,29000,33000,42000,58000,62000,62000,13422,1358,7400,9873.295266900466,220.35166597925127,62011.08212501276,2977.4728058411565
1780131986,1000,,Aggregated,52.400000,24.600000,7400,11000,13000,14000,29000,30000,33000,42000,58000,62000,62000,13440,1366,7400,9892.260917002019,220.35166597925127,62011.08212501276,2976.7609375
1780131987,1000,,Aggregated,50.400000,22.100000,7400,11000,13000,14000,29000,30000,33000,42000,58000,62000,64000,13469,1370,7400,9906.521917916958,220.35166597925127,63932.16579197906,2976.0121761081
1780131988,1000,,Aggregated,47.600000,20.400000,7400,11000,13000,14000,29000,30000,33000,42000,58000,64000,69000,13495,1373,7400,9919.564499287184,220.35166597925127,68973.85670791846,2975.048091885884
1780131989,1000,,Aggregated,42.300000,20.300000,7400,11000,13000,14000,29000,30000,33000,43000,59000,64000,69000,13536,1383,7400,9946.771649530556,220.35166597925127,68973.85670791846,2973.2271719858154
1780131990,1000,,Aggregated,41.000000,18.100000,7400,11000,13000,14000,29000,30000,33000,43000,59000,66000,69000,13573,1394,7400,9981.40386901404,220.35166597925127,68973.85670791846,2974.774773447285
1780131991,1000,,Aggregated,38.900000,15.600000,7400,11000,13000,14000,29000,30000,33000,43000,59000,66000,69000,13601,1400,7400,9996.524652461414,220.35166597925127,68973.85670791846,2972.64973163738
1780131992,1000,,Aggregated,35.900000,11.100000,7400,11000,13000,14000,29000,30000,34000,43000,60000,66000,69000,13630,1412,7400,10018.334540673322,220.35166597925127,68973.85670791846,2968.0520176082173
1780131993,1000,,Aggregated,34.600000,9.900000,7500,11000,13000,14000,29000,30000,34000,43000,62000,69000,70000,13687,1426,7500,10060.479937364842,220.35166597925127,70138.43829208054,2966.745524950683
1780131994,1000,,Aggregated,32.600000,9.200000,7500,11000,13000,14000,29000,30000,34000,43000,62000,70000,79000,13714,1428,7500,10073.450416129313,220.35166597925127,79399.57000000868,2965.696733265276
1780131995,1000,,Aggregated,33.600000,9.400000,7500,11000,13000,14000,29000,30000,34000,43000,62000,70000,79000,13774,1438,7500,10100.028562128542,220.35166597925127,79399.57000000868,2963.86089734282
1780131996,1000,,Aggregated,33.400000,8.500000,7500,11000,13000,14000,29000,30000,34000,43000,63000,78000,79000,13812,1443,7500,10116.910620891545,220.35166597925127,79399.57000000868,2963.460034752389
1780131997,1000,,Aggregated,34.500000,8.200000,7500,11000,13000,14000,29000,30000,34000,43000,63000,78000,79000,13856,1456,7500,10143.28371671781,220.35166597925127,79399.57000000868,2963.4288394919167
1780131998,1000,,Aggregated,35.200000,7.600000,7500,11000,13000,15000,29000,30000,34000,43000,63000,78000,79000,13907,1484,7500,10192.002798864032,220.35166597925127,79399.57000000868,2958.955418134752
1780131999,1000,,Aggregated,39.100000,7.900000,7500,11000,13000,15000,29000,30000,34000,43000,63000,78000,79000,13964,1505,7500,10216.589109567904,220.35166597925127,79399.57000000868,2955.574906903466
1780132000,1000,,Aggregated,39.800000,9.700000,7600,11000,13000,15000,29000,30000,34000,44000,64000,78000,79000,14037,1551,7600,10278.662534263889,220.35166597925127,79399.57000000868,2945.108142765548
1780132001,1000,,Aggregated,42.900000,11.900000,7600,11000,13000,15000,29000,30000,34000,44000,65000,79000,83000,14113,1601,7600,10345.373040294204,220.35166597925127,83145.81604197156,2934.900162970311
1780132002,1000,,Aggregated,43.400000,13.400000,7600,12000,13000,15000,29000,30000,34000,44000,65000,83000,84000,14183,1629,7600,10388.060779272608,220.35166597925127,83806.96629197337,2930.6048085736443
1780132003,1000,,Aggregated,48.500000,18.800000,7600,12000,13000,15000,29000,30000,34000,44000,65000,83000,84000,14238,1649,7600,10414.305650223832,220.35166597925127,83806.96629197337,2926.97857845203
1780132004,1000,,Aggregated,54.800000,21.400000,7700,12000,13000,15000,29000,30000,34000,44000,65000,83000,84000,14328,1703,7700,10475.37059202943,220.35166597925127,83806.96629197337,2915.6159268565048
1780132005,1000,,Aggregated,55.000000,21.600000,7700,12000,14000,15000,29000,30000,34000,43000,65000,83000,84000,14410,1737,7700,10509.020088946647,220.35166597925127,83806.96629197337,2906.0981956974324
1780132006,1000,,Aggregated,59.400000,25.400000,7700,12000,14000,15000,29000,30000,34000,43000,65000,83000,84000,14481,1754,7700,10522.630020315259,220.35166597925127,83806.96629197337,2905.8752848560184
1780132007,1000,,Aggregated,63.300000,29.900000,7700,12000,14000,15000,29000,30000,34000,43000,66000,83000,84000,14571,1789,7700,10561.328024081384,220.35166597925127,83806.96629197337,2900.1774071786426
1780132008,1000,,Aggregated,66.600000,30.700000,7700,12000,14000,15000,29000,30000,34000,44000,68000,83000,84000,14654,1823,7700,10605.050036711551,220.35166597925127,83806.96629197337,2895.697898184796
1780132009,1000,,Aggregated,69.100000,32.400000,7700,12000,14000,15000,29000,30000,33000,43000,68000,83000,84000,14705,1845,7700,10629.393671277683,220.35166597925127,83806.96629197337,2892.47494049643
1780132010,1000,,Aggregated,74.800000,34.100000,7700,12000,14000,15000,29000,30000,33000,43000,69000,84000,84000,14805,1888,7700,10682.015215099927,220.35166597925127,84338.02958403248,2886.9496116176965
1780132011,1000,,Aggregated,72.400000,33.000000,7800,12000,14000,15000,29000,30000,33000,43000,69000,84000,84000,14881,1917,7800,10716.134584504844,220.35166597925127,84338.02958403248,2886.6510315166993
1780132012,1000,,Aggregated,77.200000,35.300000,7800,12000,14000,15000,29000,30000,33000,43000,69000,84000,84000,14964,1944,7800,10746.052968517017,220.35166597925127,84338.02958403248,2881.0712376369956
1780132013,1000,,Aggregated,75.900000,31.500000,7800,12000,14000,15000,29000,30000,33000,43000,68000,84000,84000,15040,1967,7800,10771.35735469937,220.35166597925127,84338.02958403248,2878.8550531914893
1780132014,1000,,Aggregated,75.800000,30.600000,7800,12000,14000,15000,29000,30000,33000,43000,68000,84000,84000,15074,1968,7800,10768.905767862641,220.35166597925127,84338.02958403248,2876.1803768077484
1780132015,1000,,Aggregated,79.700000,32.200000,7800,12000,14000,15000,29000,30000,33000,43000,68000,84000,84000,15161,1986,7800,10788.416985673543,220.35166597925127,84338.02958403248,2872.76195501616
1780132016,1000,,Aggregated,75.500000,28.500000,7800,12000,14000,15000,29000,30000,33000,43000,68000,84000,84000,15202,1987,7800,10785.896719754657,220.35166597925127,84338.02958403248,2875.567425338771
1780132017,1000,,Aggregated,73.900000,24.400000,7800,12000,14000,15000,29000,30000,33000,43000,68000,84000,84000,15278,1988,7800,10772.987072422098,220.35166597925127,84338.02958403248,2880.415892132478
1780132018,1000,,Aggregated,73.300000,23.800000,7800,12000,14000,15000,29000,30000,33000,43000,69000,88000,94000,15357,1995,7800,10780.743869742313,220.35166597925127,94112.3912500916,2876.727030018884
1780132019,1000,,Aggregated,70.900000,21.700000,7800,12000,14000,15000,29000,30000,33000,43000,69000,88000,94000,15440,1998,7800,10772.449418510418,220.35166597925127,94112.3912500916,2883.3901554404147
1780132020,1000,,Aggregated,67.600000,17.900000,7800,12000,14000,15000,29000,30000,33000,43000,69000,88000,94000,15511,2004,7800,10769.16404070816,220.35166597925127,94112.3912500916,2885.34169299207
1780132021,1000,,Aggregated,73.700000,16.700000,7800,12000,14000,15000,29000,30000,33000,43000,69000,88000,94000,15589,2005,7800,10758.601183409852,220.35166597925127,94112.3912500916,2890.8314837385337
1780132022,1000,,Aggregated,69.800000,12.500000,7800,12000,14000,15000,29000,30000,33000,43000,70000,98000,108000,15636,2008,7800,10760.97845509343,220.35166597925127,107608.19983296096,2892.781849577897
1780132023,1000,,Aggregated,70.100000,10.100000,7800,12000,14000,15000,29000,30000,33000,43000,71000,100000,108000,15729,2019,7800,10767.930102363955,220.35166597925127,107608.19983296096,2893.0095365248903
1780132024,1000,,Aggregated,68.700000,8.000000,7800,12000,14000,15000,29000,30000,33000,43000,71000,100000,108000,15776,2029,7800,10774.117967643206,220.35166597925127,107608.19983296096,2890.067634381339
1780132025,1000,,Aggregated,66.800000,4.800000,7800,12000,14000,15000,29000,30000,33000,43000,71000,100000,108000,15855,2041,7800,10778.363072810638,220.35166597925127,107608.19983296096,2886.2565121412804
1780132026,1000,,Aggregated,70.700000,5.700000,7800,12000,14000,15000,29000,30000,33000,43000,71000,100000,108000,15932,2052,7800,10777.153796679866,220.35166597925127,107608.19983296096,2884.944828019081
1780132027,1000,,Aggregated,68.300000,5.400000,7900,12000,14000,15000,29000,30000,33000,43000,70000,100000,108000,16017,2072,7900,10803.31615254355,220.35166597925127,107608.19983296096,2882.088593369545
1780132028,1000,,Aggregated,70.800000,5.900000,7900,12000,14000,15000,29000,30000,33000,43000,70000,100000,108000,16088,2077,7900,10802.676673203809,220.35166597925127,107608.19983296096,2883.428083043262
1780132029,1000,,Aggregated,74.200000,7.400000,7900,12000,14000,15000,29000,30000,33000,43000,70000,100000,108000,16159,2085,7900,10810.05856218719,220.35166597925127,107608.19983296096,2884.968748066093
1780132030,1000,,Aggregated,73.800000,8.400000,7900,12000,14000,15000,29000,30000,33000,43000,70000,100000,108000,16253,2117,7900,10841.02439372817,220.35166597925127,107608.19983296096,2886.1220697717345
1780132031,1000,,Aggregated,72.200000,8.400000,7900,12000,14000,15000,29000,30000,33000,43000,70000,100000,108000,16278,2129,7900,10851.36279379215,220.35166597925127,107608.19983296096,2886.251873694557
1780132032,1000,,Aggregated,69.200000,8.500000,7900,12000,14000,15000,29000,30000,33000,43000,70000,100000,108000,16315,2135,7900,10855.754145945368,220.35166597925127,107608.19983296096,2885.6799264480537
1780132033,1000,,Aggregated,72.200000,12.100000,8000,12000,14000,15000,29000,30000,33000,43000,70000,100000,108000,16402,2151,8000,10880.785247282607,220.35166597925127,107608.19983296096,2883.5942567979514
1780132034,1000,,Aggregated,66.500000,12.100000,8000,12000,14000,15000,29000,30000,33000,43000,70000,100000,108000,16531,2169,8000,10911.681723255477,220.35166597925127,107608.19983296096,2882.170104651866
1780132035,1000,,Aggregated,63.200000,12.500000,8000,12000,14000,15000,29000,30000,33000,42000,70000,100000,108000,16669,2190,8000,10928.099483137823,220.35166597925127,107608.19983296096,2883.776831243626
1780132036,1000,,Aggregated,67.000000,13.400000,8100,12000,14000,15000,29000,30000,32000,42000,70000,100000,108000,16755,2197,8100,10934.49783443574,220.35166597925127,107608.19983296096,2881.0744255446134
1780132037,1000,,Aggregated,76.100000,14.200000,8100,12000,14000,15000,29000,30000,32000,42000,70000,100000,108000,16815,2211,8100,10946.792897639087,220.35166597925127,107608.19983296096,2879.884151055605
1780132038,1000,,Aggregated,80.100000,14.600000,8100,12000,14000,15000,29000,30000,32000,42000,70000,100000,108000,16871,2219,8100,10947.905215007106,220.35166597925127,107608.19983296096,2878.9489064074446
1780132039,1000,,Aggregated,80.300000,13.800000,8100,12000,14000,15000,29000,30000,32000,42000,70000,100000,108000,16927,2227,8100,10954.314546135072,220.35166597925127,107608.19983296096,2880.95492408578
1780132040,1000,,Aggregated,80.400000,14.400000,8100,12000,14000,15000,29000,30000,32000,42000,70000,100000,108000,16987,2244,8100,10971.323231724522,220.35166597925127,107608.19983296096,2875.598339906988
1780132041,1000,,Aggregated,76.700000,14.400000,8200,12000,14000,15000,29000,30000,32000,42000,70000,108000,116000,17086,2254,8200,10996.008967257403,220.35166597925127,115781.95383294951,2881.1073393421516
1780132042,1050,,Aggregated,78.600000,14.700000,8200,12000,14000,15000,29000,30000,32000,42000,70000,108000,116000,17164,2266,8200,11009.168929206187,220.35166597925127,115781.95383294951,2884.4007224423212
1780132043,1100,,Aggregated,73.500000,12.000000,8200,12000,14000,15000,29000,30000,32000,42000,70000,108000,116000,17221,2276,8200,11015.584932641545,220.35166597925127,115781.95383294951,2882.082225190175
1780132044,1150,,Aggregated,81.300000,12.600000,8200,12000,14000,15000,29000,30000,32000,42000,70000,108000,116000,17249,2278,8200,11015.826474422392,220.35166597925127,115781.95383294951,2879.0296249057915
1780132045,1200,,Aggregated,85.500000,13.300000,8200,12000,14000,15000,29000,30000,32000,42000,70000,108000,116000,17305,2282,8200,11024.530481687721,220.35166597925127,115781.95383294951,2879.694365790234
1780132046,1250,,Aggregated,80.000000,11.800000,8200,12000,14000,15000,29000,30000,32000,42000,70000,108000,116000,17356,2285,8200,11025.691406649457,220.35166597925127,115781.95383294951,2875.197280479373
1780132047,1300,,Aggregated,68.700000,10.300000,8200,12000,14000,15000,29000,30000,32000,42000,70000,108000,116000,17402,2288,8200,11027.863666286663,220.35166597925127,115781.95383294951,2871.5745891276865
1780132048,1350,,Aggregated,62.300000,9.200000,8300,12000,14000,15000,29000,30000,32000,42000,70000,108000,116000,17449,2290,8300,11029.878876648165,220.35166597925127,115781.95383294951,2871.5305748180413
1780132049,1400,,Aggregated,57.800000,8.600000,8300,12000,14000,15000,29000,30000,32000,42000,70000,108000,116000,17462,2292,8300,11032.662404416767,220.35166597925127,115781.95383294951,2870.1097812392622
1780132050,1450,,Aggregated,58.100000,7.300000,8300,12000,14000,15000,29000,30000,32000,42000,70000,108000,116000,17541,2301,8300,11045.747311772648,220.35166597925127,115781.95383294951,2862.461547232199
1780132051,1500,,Aggregated,55.100000,6.500000,8300,12000,14000,15000,29000,30000,32000,42000,70000,108000,116000,17586,2307,8300,11052.469465408825,220.35166597925127,115781.95383294951,2859.621801432958
1780132052,1550,,Aggregated,51.500000,5.900000,8300,12000,14000,15000,29000,30000,32000,42000,70000,108000,116000,17634,2310,8300,11054.650498396424,220.35166597925127,115781.95383294951,2856.3745605081094
1780132053,1600,,Aggregated,55.100000,5.900000,8300,12000,14000,15000,29000,30000,32000,42000,70000,108000,116000,17641,2311,8300,11055.361755300864,220.35166597925127,115781.95383294951,2856.4888611756705
1780132054,1650,,Aggregated,49.600000,5.200000,8300,12000,14000,15000,29000,30000,32000,42000,71000,116000,127000,17675,2313,8300,11066.190306266326,220.35166597925127,127274.65812501032,2853.089335219236
1780132055,1700,,Aggregated,46.200000,4.200000,8300,12000,14000,15000,29000,30000,32000,42000,71000,116000,127000,17694,2315,8300,11067.891630814587,220.35166597925127,127274.65812501032,2850.732734260201
1780132056,1750,,Aggregated,41.100000,3.500000,8400,12000,14000,15000,29000,30000,32000,42000,75000,127000,128000,17728,2326,8400,11085.739396092418,220.35166597925127,127501.41583289951,2845.482175090253
1780132057,1800,,Aggregated,41.300000,3.500000,8400,12000,14000,15000,29000,30000,32000,42000,75000,127000,128000,17773,2326,8400,11094.874726889624,220.35166597925127,127501.41583289951,2844.458448207956
1780132058,1850,,Aggregated,37.200000,3.200000,8400,12000,14000,15000,29000,30000,32000,42000,77000,128000,132000,17815,2327,8400,11107.940140792418,220.35166597925127,132439.61579189636,2844.9409486387876
1780132059,1900,,Aggregated,37.400000,4.000000,8400,12000,14000,15000,29000,30000,32000,42000,77000,128000,132000,17858,2329,8400,11113.836268456304,220.35166597925127,132439.61579189636,2840.20489416508
1780132060,1950,,Aggregated,35.300000,3.700000,8400,12000,14000,15000,29000,30000,32000,42000,77000,128000,132000,17924,2338,8400,11131.39451196774,220.35166597925127,132439.61579189636,2835.971881276501
1780132061,2000,,Aggregated,37.000000,3.800000,8500,12000,14000,15000,29000,30000,32000,42000,77000,128000,132000,17959,2344,8500,11143.281677638943,220.35166597925127,132439.61579189636,2834.2830335764797
1780132062,2000,,Aggregated,40.100000,3.800000,8500,13000,14000,15000,29000,30000,32000,42000,75000,128000,132000,18021,2348,8500,11159.837005776242,220.35166597925127,132439.61579189636,2827.075079074413
1780132063,2000,,Aggregated,37.100000,3.400000,8500,13000,14000,15000,29000,30000,32000,42000,75000,128000,132000,18050,2348,8500,11167.4099541858,220.35166597925127,132439.61579189636,2825.8131301939056
1780132064,2000,,Aggregated,37.700000,3.700000,8500,13000,14000,15000,29000,30000,32000,42000,75000,128000,132000,18077,2350,8500,11172.745810293716,220.35166597925127,132439.61579189636,2824.1037782817943
1780132065,2000,,Aggregated,38.800000,3.800000,8500,13000,14000,15000,29000,30000,32000,42000,77000,132000,137000,18126,2360,8500,11197.196665766278,220.35166597925127,136972.4347080337,2822.0409356725145
1780132066,2000,,Aggregated,40.900000,3.700000,8500,13000,14000,15000,29000,30000,32000,42000,77000,132000,137000,18144,2371,8500,11209.415404808591,220.35166597925127,136972.4347080337,2819.280974426808
1780132067,2000,,Aggregated,41.300000,4.000000,8500,13000,14000,15000,29000,30000,32000,42000,77000,132000,137000,18163,2382,8500,11217.288945813132,220.35166597925127,136972.4347080337,2817.5317403512636
1780132068,2000,,Aggregated,43.200000,4.500000,8600,13000,14000,16000,29000,30000,32000,41000,77000,132000,137000,18278,2440,8600,11281.240852069706,220.35166597925127,136972.4347080337,2806.072819783346
1780132069,2000,,Aggregated,41.000000,4.500000,8600,13000,14000,16000,29000,30000,32000,41000,77000,132000,137000,18322,2455,8600,11298.798644626022,220.35166597925127,136972.4347080337,2803.5838336426154
1780132070,2000,,Aggregated,39.100000,5.800000,8600,13000,14000,16000,29000,30000,32000,41000,77000,132000,137000,18366,2469,8600,11311.655693058538,220.35166597925127,136972.4347080337,2799.4470761189154
1780132071,2000,,Aggregated,45.800000,11.200000,8600,13000,14000,16000,29000,30000,32000,41000,77000,132000,137000,18432,2472,8600,11311.400236095587,220.35166597925127,136972.4347080337,2794.9830186631943
1780132073,2000,,Aggregated,45.800000,12.500000,8600,13000,14000,16000,29000,30000,32000,41000,77000,132000,137000,18477,2480,8600,11322.253967164545,220.35166597925127,136972.4347080337,2792.6032364561347
1780132074,2000,,Aggregated,44.300000,13.100000,8600,13000,14000,16000,29000,30000,32000,41000,77000,132000,137000,18513,2492,8600,11335.850437630059,220.35166597925127,136972.4347080337,2790.7674607032895
1780132075,2000,,Aggregated,46.700000,12.800000,8700,13000,14000,16000,29000,30000,32000,41000,77000,132000,137000,18540,2499,8700,11342.72167008097,220.35166597925127,136972.4347080337,2787.3804746494066
1780132076,2000,,Aggregated,45.500000,13.200000,8700,13000,14000,16000,29000,30000,32000,41000,77000,132000,137000,18568,2505,8700,11355.37686172495,220.35166597925127,136972.4347080337,2785.639702714347
1780132077,2000,,Aggregated,45.200000,14.600000,8700,13000,14000,16000,29000,30000,33000,41000,77000,132000,137000,18609,2514,8700,11367.132562879826,220.35166597925127,136972.4347080337,2785.7845128701165
1780132078,2000,,Aggregated,44.200000,14.500000,8700,13000,14000,16000,29000,30000,33000,41000,78000,137000,155000,18654,2522,8700,11389.732380847876,220.35166597925127,154694.5454159286,2784.3461992066045
1780132079,2000,,Aggregated,44.200000,14.500000,8700,13000,14000,16000,29000,30000,33000,42000,78000,137000,155000,18699,2527,8700,11397.261010914379,220.35166597925127,154694.5454159286,2782.963955291727
1780132080,2000,,Aggregated,48.200000,13.800000,8700,13000,14000,16000,29000,30000,33000,42000,78000,137000,155000,18741,2528,8700,11402.53920530763,220.35166597925127,154694.5454159286,2780.9090229977055
1780132081,2000,,Aggregated,48.200000,13.800000,8700,13000,14000,16000,29000,30000,33000,42000,78000,155000,155000,18784,2534,8700,11413.37252351988,220.35166597925127,154824.9687089119,2779.2514373935264
1780132082,2000,,Aggregated,42.000000,8.700000,8700,13000,14000,16000,29000,30000,33000,42000,78000,155000,155000,18844,2548,8700,11436.11504359741,220.35166597925127,154824.9687089119,2776.822489917215
1780132083,2000,,Aggregated,41.700000,6.500000,8800,13000,14000,16000,29000,30000,33000,42000,79000,155000,156000,18884,2556,8800,11452.365083104241,220.35166597925127,155620.2889579581,2773.088434653675
1780132084,2000,,Aggregated,41.700000,6.500000,8800,13000,14000,16000,29000,30000,33000,42000,79000,155000,156000,18913,2561,8800,11459.58159493289,220.35166597925127,155620.2889579581,2771.243166076244
1780132085,2000,,Aggregated,40.500000,7.600000,8800,13000,14000,16000,29000,30000,33000,42000,79000,155000,156000,18944,2564,8800,11465.178454631918,220.35166597925127,155620.2889579581,2769.2338471283783
1780132086,2000,,Aggregated,40.500000,7.600000,8800,13000,14000,16000,29000,30000,33000,42000,79000,155000,156000,18978,2567,8800,11476.006484875114,220.35166597925127,155620.2889579581,2768.4385604384024
1780132087,2000,,Aggregated,40.000000,6.900000,8800,13000,14000,16000,29000,30000,34000,42000,79000,156000,157000,19010,2571,8800,11492.595092164338,220.35166597925127,157215.51333309617,2766.1572330352446
1780132088,2000,,Aggregated,41.000000,6.200000,8800,13000,14000,16000,29000,30000,34000,42000,79000,156000,157000,19043,2578,8800,11505.008632691182,220.35166597925127,157215.51333309617,2764.8339022212886
1780132089,2000,,Aggregated,40.200000,5.700000,8800,13000,14000,16000,29000,30000,34000,42000,79000,156000,157000,19081,2585,8800,11519.061029145922,220.35166597925127,157215.51333309617,2764.3975158534668
1780132090,2000,,Aggregated,38.000000,5.300000,8800,13000,14000,16000,29000,30000,34000,42000,79000,156000,157000,19133,2597,8800,11549.5409502804,220.35166597925127,157215.51333309617,2760.8551194271677
1780132091,2000,,Aggregated,37.600000,5.700000,8800,13000,14000,16000,29000,30000,34000,42000,79000,156000,157000,19160,2599,8800,11557.384368543931,220.35166597925127,157215.51333309617,2759.3904488517746
1780132092,2000,,Aggregated,39.100000,7.000000,8900,13000,14000,16000,29000,30000,35000,42000,79000,156000,157000,19211,2610,8900,11577.779055619798,220.35166597925127,157215.51333309617,2754.4666076726876
1780132093,2000,,Aggregated,36.700000,6.500000,8900,13000,14000,16000,29000,30000,35000,43000,79000,156000,157000,19246,2619,8900,11591.899338900143,220.35166597925127,157215.51333309617,2753.414060064429
1780132094,2000,,Aggregated,35.700000,6.200000,8900,13000,14000,16000,29000,30000,35000,43000,79000,156000,157000,19296,2628,8900,11614.416130612763,220.35166597925127,157215.51333309617,2753.5696517412935
1780132095,2000,,Aggregated,36.100000,6.200000,8900,13000,15000,16000,29000,30000,35000,43000,79000,156000,157000,19331,2633,8900,11629.718170284143,220.35166597925127,157215.51333309617,2751.561015984688
1780132096,2000,,Aggregated,37.600000,6.700000,9000,13000,15000,16000,29000,30000,36000,43000,79000,156000,157000,19378,2640,9000,11652.676648192954,220.35166597925127,157215.51333309617,2749.5421612137475
1780132097,2000,,Aggregated,38.400000,6.900000,9000,13000,15000,16000,29000,30000,36000,43000,79000,156000,157000,19441,2649,9000,11677.944606650392,220.35166597925127,157215.51333309617,2744.125713697855
1780132098,2000,,Aggregated,39.300000,7.200000,9000,13000,15000,16000,29000,30000,36000,44000,79000,156000,157000,19492,2653,9000,11694.178085615147,220.35166597925127,157215.51333309617,2743.7094705520212
1780132099,2000,,Aggregated,42.000000,7.500000,9000,13000,15000,16000,29000,30000,37000,44000,79000,156000,157000,19534,2659,9000,11713.623680203838,220.35166597925127,157215.51333309617,2741.6952493088975
1780132100,2000,,Aggregated,45.800000,7.800000,9000,13000,15000,16000,29000,30000,37000,44000,79000,156000,157000,19568,2663,9000,11727.439967660714,220.35166597925127,157215.51333309617,2742.1389002452984
1780132101,2000,,Aggregated,45.300000,7.500000,9100,13000,15000,16000,29000,30000,37000,45000,79000,156000,157000,19611,2668,9100,11749.240031681704,220.35166597925127,157215.51333309617,2741.106980776095
1780132102,2000,,Aggregated,43.900000,6.600000,9100,13000,15000,16000,29000,30000,37000,45000,79000,156000,157000,19652,2670,9100,11761.066568282804,220.35166597925127,157215.51333309617,2740.4693161001424
1780132103,2000,,Aggregated,45.500000,6.900000,9100,13000,15000,16000,29000,30000,38000,46000,79000,156000,157000,19707,2684,9100,11801.924722802354,220.35166597925127,157215.51333309617,2739.2559496625563
1780132104,2000,,Aggregated,44.100000,5.800000,9100,13000,15000,16000,29000,30000,38000,46000,79000,156000,157000,19739,2688,9100,11818.735434629003,220.35166597925127,157215.51333309617,2739.7798774000707
1780132105,2000,,Aggregated,44.600000,6.300000,9100,13000,15000,16000,29000,30000,38000,47000,83000,157000,182000,19782,2698,9100,11850.348494878292,220.35166597925127,181564.76375006605,2738.898493580022
1780132106,2000,,Aggregated,43.700000,5.900000,9100,13000,15000,16000,29000,30000,38000,48000,83000,179000,182000,19816,2709,9100,11882.598544020497,220.35166597925127,181564.76375006605,2739.5895740815504
1780132107,2000,,Aggregated,45.100000,6.500000,9100,13000,15000,16000,29000,30000,39000,48000,83000,179000,182000,19846,2717,9100,11900.789640098683,220.35166597925127,181564.76375006605,2739.393479794417
1780132108,2000,,Aggregated,43.700000,6.800000,9100,13000,15000,16000,29000,30000,39000,49000,83000,179000,182000,19896,2721,9100,11924.984679155741,220.35166597925127,181564.76375006605,2740.5777543224767
1780132109,2000,,Aggregated,40.100000,6.700000,9100,13000,15000,16000,29000,30000,39000,49000,83000,179000,182000,19919,2724,9100,11939.316214095452,220.35166597925127,181564.76375006605,2740.1994578041067
1780132110,2000,,Aggregated,38.600000,6.700000,9200,13000,15000,16000,29000,30000,39000,49000,83000,179000,182000,19950,2727,9200,11959.983882754057,220.35166597925127,181564.76375006605,2739.3124812030073
1780132111,2000,,Aggregated,38.500000,6.400000,9200,13000,15000,16000,29000,30000,40000,49000,83000,157000,182000,20013,2730,9200,11993.539615899039,220.35166597925127,181564.76375006605,2739.4488082746216
1780132112,2000,,Aggregated,37.500000,6.400000,9200,13000,15000,16000,29000,30000,40000,50000,83000,179000,189000,20045,2738,9200,12028.93382298737,220.35166597925127,188719.11291591823,2738.313245198304
1780132113,2000,,Aggregated,37.300000,6.100000,9200,13000,15000,16000,29000,30000,40000,50000,83000,179000,189000,20078,2745,9200,12062.78814757811,220.35166597925127,188719.11291591823,2737.128200019922
1780132114,2000,,Aggregated,39.300000,6.900000,9200,13000,15000,16000,29000,30000,41000,51000,83000,179000,189000,20107,2754,9200,12096.52801669365,220.35166597925127,188719.11291591823,2737.426766797633
1780132115,2000,,Aggregated,37.300000,6.300000,9300,13000,15000,17000,29000,30000,41000,52000,83000,179000,189000,20143,2759,9300,12135.873164018745,220.35166597925127,188719.11291591823,2739.495656059177
1780132116,2000,,Aggregated,37.000000,6.300000,9300,13000,15000,17000,29000,30000,42000,52000,83000,179000,189000,20164,2763,9300,12164.43144009922,220.35166597925127,188719.11291591823,2739.978823646102
1780132117,2000,,Aggregated,35.800000,6.000000,9300,13000,15000,17000,29000,30000,42000,53000,83000,179000,189000,20190,2767,9300,12185.995420401696,220.35166597925127,188719.11291591823,2738.6367013372956
1780132118,2000,,Aggregated,35.000000,5.400000,9300,13000,15000,17000,29000,31000,42000,53000,83000,179000,189000,20225,2775,9300,12219.636248188748,220.35166597925127,188719.11291591823,2738.16326328801
1780132119,2000,,Aggregated,35.100000,5.300000,9300,13000,15000,17000,29000,31000,43000,54000,83000,179000,189000,20256,2784,9300,12258.743728386535,220.35166597925127,188719.11291591823,2736.18330371248
1780132120,2000,,Aggregated,33.100000,5.000000,9300,13000,15000,17000,29000,31000,43000,54000,83000,179000,189000,20279,2789,9300,12282.368629232029,220.35166597925127,188719.11291591823,2736.747127570393
1780132121,2000,,Aggregated,33.100000,5.000000,9400,13000,15000,17000,29000,31000,43000,55000,83000,179000,189000,20303,2794,9400,12304.485246666569,220.35166597925127,188719.11291591823,2735.6962517854504
1780132122,2000,,Aggregated,32.900000,5.800000,9400,13000,15000,17000,29000,31000,44000,55000,83000,179000,189000,20340,2796,9400,12328.416361374784,220.35166597925127,188719.11291591823,2738.586430678466
1780132123,2000,,Aggregated,32.400000,6.500000,9400,13000,15000,17000,29000,31000,44000,55000,83000,179000,189000,20362,2797,9400,12343.676387985288,220.35166597925127,188719.11291591823,2737.2373047834203
1780132124,2000,,Aggregated,30.200000,5.800000,9400,13000,15000,17000,29000,31000,44000,55000,83000,179000,189000,20412,2804,9400,12380.80583628684,220.35166597925127,188719.11291591823,2734.5358122672937
1780132125,2000,,Aggregated,28.800000,5.300000,9500,13000,15000,17000,29000,31000,44000,56000,83000,179000,189000,20447,2809,9500,12404.920832002386,220.35166597925127,188719.11291591823,2734.6317308162565
1780132126,2000,,Aggregated,29.300000,5.200000,9500,13000,15000,17000,29000,31000,45000,56000,83000,179000,189000,20486,2816,9500,12437.239702935069,220.35166597925127,188719.11291591823,2732.742653519477
1780132127,2000,,Aggregated,30.600000,5.000000,9500,13000,15000,17000,29000,31000,45000,57000,83000,179000,189000,20519,2820,9500,12463.152874181329,220.35166597925127,188719.11291591823,2732.5829718797213
1780132128,2000,,Aggregated,31.000000,5.100000,9500,13000,15000,17000,29000,31000,45000,57000,84000,182000,202000,20554,2824,9500,12501.576082678283,220.35166597925127,201814.18108392972,2733.2834971295124
1780132129,2000,,Aggregated,32.600000,5.300000,9500,13000,15000,17000,29000,31000,46000,58000,84000,182000,202000,20597,2829,9500,12529.094754150861,220.35166597925127,201814.18108392972,2733.9111521095306
1780132130,2000,,Aggregated,33.300000,5.200000,9600,13000,15000,17000,29000,31000,46000,58000,86000,182000,202000,20628,2836,9600,12556.058528462323,220.35166597925127,201814.18108392972,2734.4404207872794
1780132131,2000,,Aggregated,33.500000,4.600000,9600,13000,15000,18000,29000,31000,46000,59000,87000,182000,202000,20668,2851,9600,12603.997446870224,220.35166597925127,201814.18108392972,2733.3869750338686
1780132132,2000,,Aggregated,34.500000,5.000000,9600,13000,15000,18000,29000,31000,47000,59000,88000,182000,202000,20715,2867,9600,12645.141697467385,220.35166597925127,201814.18108392972,2733.9604634322955
1780132133,2000,,Aggregated,34.700000,5.100000,9600,13000,15000,18000,29000,31000,47000,60000,88000,182000,202000,20768,2882,9600,12680.325191937707,220.35166597925127,201814.18108392972,2730.3638289676423
1780132134,2000,,Aggregated,35.600000,6.300000,9700,13000,15000,18000,29000,31000,48000,61000,88000,182000,202000,20813,2903,9700,12732.78320410681,220.35166597925127,201814.18108392972,2726.7226252822757
1780132135,2000,,Aggregated,39.500000,8.000000,9700,13000,15000,18000,29000,32000,48000,61000,88000,182000,202000,20850,2917,9700,12741.924848782475,220.35166597925127,201814.18108392972,2726.6314148681054
1780132136,2000,,Aggregated,41.000000,9.500000,9700,13000,15000,18000,29000,32000,49000,61000,90000,182000,202000,20874,2923,9700,12765.428975579312,220.35166597925127,201814.18108392972,2725.6597202261187
1780132137,2000,,Aggregated,39.000000,10.100000,9700,13000,15000,18000,29000,32000,49000,62000,90000,182000,202000,20926,2941,9700,12809.389571959497,220.35166597925127,201814.18108392972,2723.0881678294945
1780132138,2000,,Aggregated,39.900000,10.800000,9700,13000,15000,18000,29000,32000,49000,63000,93000,182000,202000,20963,2949,9700,12851.269328240518,220.35166597925127,201814.18108392972,2723.4444497447885
1780132139,2000,,Aggregated,39.600000,11.600000,9700,13000,15000,18000,29000,32000,49000,63000,93000,182000,202000,20997,2955,9700,12871.290547621207,220.35166597925127,201814.18108392972,2722.6563794827834
1780132140,2000,,Aggregated,40.900000,12.200000,9700,13000,15000,18000,29000,32000,50000,64000,93000,182000,202000,21054,2963,9700,12907.262018333207,220.35166597925127,201814.18108392972,2722.0075520091195
1780132141,2000,,Aggregated,40.000000,12.500000,9700,13000,15000,19000,29000,32000,50000,65000,95000,182000,202000,21106,2976,9700,12941.43365789488,220.35166597925127,201814.18108392972,2721.4882024068984
1780132142,2000,,Aggregated,41.300000,12.600000,9800,13000,15000,19000,29000,32000,50000,65000,95000,182000,202000,21128,2982,9800,12952.156370589848,220.35166597925127,201814.18108392972,2719.2523665278304
1780132143,2000,,Aggregated,43.300000,12.400000,9800,13000,15000,19000,29000,32000,50000,65000,95000,182000,202000,21154,2992,9800,12966.365270740294,220.35166597925127,201814.18108392972,2717.991727332892
1780132144,2000,,Aggregated,42.000000,12.100000,9800,13000,15000,19000,29000,32000,50000,65000,95000,182000,202000,21179,2994,9800,12975.084623408067,220.35166597925127,201814.18108392972,2718.8624580952833
1780132145,2000,,Aggregated,39.500000,11.000000,9800,13000,15000,19000,29000,32000,50000,65000,96000,182000,202000,21235,3007,9800,12988.720667180392,220.35166597925127,201814.18108392972,2716.8914527902048
1780132146,2000,,Aggregated,37.500000,9.600000,9800,13000,15000,19000,29000,32000,50000,66000,98000,182000,202000,21277,3018,9800,13018.117361708655,220.35166597925127,201814.18108392972,2715.6033275367768
1780132147,2000,,Aggregated,37.800000,9.000000,9800,13000,15000,19000,29000,32000,51000,66000,99000,182000,202000,21342,3038,9800,13062.97456444615,220.35166597925127,201814.18108392972,2712.564989223128
1780132148,2000,,Aggregated,37.900000,9.000000,9800,13000,15000,19000,29000,33000,51000,67000,99000,189000,218000,21411,3058,9800,13125.79183768032,220.35166597925127,218075.5667500198,2709.6484050254544
1780132149,2000,,Aggregated,38.600000,8.900000,9800,13000,15000,19000,29000,33000,52000,68000,100000,189000,218000,21454,3067,9800,13151.567823090018,220.35166597925127,218075.5667500198,2709.262049035145
1780132150,2000,,Aggregated,39.800000,9.500000,9900,13000,15000,19000,29000,33000,52000,68000,101000,189000,218000,21504,3081,9900,13187.697392287071,220.35166597925127,218075.5667500198,2705.640206473214
1780132151,2000,,Aggregated,43.200000,10.500000,9900,13000,15000,19000,29000,33000,52000,68000,101000,189000,218000,21530,3087,9900,13202.1958758261,220.35166597925127,218075.5667500198,2704.9940083604274
1780132152,2000,,Aggregated,44.600000,11.300000,9900,13000,15000,19000,29000,33000,53000,69000,103000,189000,218000,21594,3103,9900,13243.622392076466,220.35166597925127,218075.5667500198,2706.422107992961
1780132153,2000,,Aggregated,42.300000,11.200000,9900,13000,15000,19000,29000,33000,53000,69000,105000,189000,218000,21641,3115,9900,13258.483822784376,220.35166597925127,218075.5667500198,2705.7208077260757
1780132154,2000,,Aggregated,43.200000,11.200000,9900,13000,16000,19000,29000,33000,53000,69000,108000,189000,218000,21688,3124,9900,13278.144766643241,220.35166597925127,218075.5667500198,2707.74732571007
1780132155,2000,,Aggregated,47.200000,12.100000,9900,13000,16000,20000,29000,33000,53000,69000,108000,189000,218000,21740,3136,9900,13302.077351368485,220.35166597925127,218075.5667500198,2708.730036798528
1780132156,2000,,Aggregated,46.800000,12.200000,9900,13000,16000,20000,29000,33000,53000,70000,109000,189000,218000,21776,3142,9900,13328.05714871877,220.35166597925127,218075.5667500198,2709.758541513593
1780132157,2000,,Aggregated,50.300000,13.200000,10000,13000,16000,20000,29000,33000,54000,70000,110000,189000,218000,21829,3152,10000,13368.870448195828,220.35166597925127,218075.5667500198,2712.473406935728
1780132158,2000,,Aggregated,50.700000,12.800000,10000,13000,16000,20000,29000,33000,54000,72000,111000,189000,218000,21887,3163,10000,13418.339462692642,220.35166597925127,218075.5667500198,2712.391373874903
1780132159,2000,,Aggregated,50.600000,12.400000,10000,14000,16000,20000,29000,34000,55000,73000,112000,189000,218000,21940,3176,10000,13468.38989886997,220.35166597925127,218075.5667500198,2712.825205104831
